dataset,quality_index,bpp,PSNR_dB,SSIM,LPIPS,DISTS,NIQE,SNR_dB,MS_SSIM,FID
kodak,0,0.0516,25.133,0.63108,0.13285,0.12913,3.207,18.356,0.84168,
kodak,1,0.0812,26.268,0.67602,0.10142,0.10845,3.184,19.491,0.87817,
kodak,2,0.1124,27.149,0.71247,0.08298,0.09482,3.146,20.372,0.90213,
kodak,3,0.1456,27.870,0.74269,0.06964,0.08350,3.100,21.093,0.91945,
kodak,4,0.1794,28.463,0.76722,0.06077,0.07567,3.122,21.686,0.93170,
clic2020,0,0.0391,27.986,0.74826,0.10629,0.08683,3.745,21.936,0.89368,8.190
clic2020,1,0.0599,29.136,0.77824,0.08284,0.07125,3.738,23.086,0.91778,5.858
clic2020,2,0.0812,29.978,0.80001,0.06885,0.06175,3.726,23.928,0.93265,4.738
clic2020,3,0.1029,30.652,0.81680,0.05923,0.05520,3.714,24.602,0.94298,3.970
clic2020,4,0.1240,31.184,0.82966,0.05264,0.05027,3.708,25.134,0.95008,3.482
div2k,0,0.0549,25.793,0.69276,0.11726,0.09511,3.193,19.214,0.88023,18.015
div2k,1,0.0846,26.999,0.73746,0.08919,0.07713,3.155,20.420,0.91120,13.362
div2k,2,0.1151,27.883,0.76893,0.07312,0.06599,3.154,21.303,0.92899,10.861
div2k,3,0.1459,28.596,0.79253,0.06230,0.05834,3.140,22.016,0.94083,9.347
div2k,4,0.1760,29.181,0.81021,0.05486,0.05250,3.124,22.601,0.94875,8.220
