dataset,quality_index,nominal_bpp,num_images,bpp,PSNR_dB,SSIM,LPIPS,DISTS,NIQE,SNR_dB,MS_SSIM,FID
kodak,0,0.05,24,0.0515679253472222,25.13310384819125,0.6310807801783085,0.1328472861399253,0.129132146636645,3.207327837192923,18.356002565564015,0.8416806310415268,
kodak,1,0.075,24,0.0812174479166666,26.267986591190247,0.6760152044395605,0.10142400705566,0.108452374736468,3.183643663122447,19.490885195883084,0.878173274298509,
kodak,2,0.1,24,0.1123691134982639,27.149440262421,0.7124653607606888,0.0829832380016644,0.0948216145237286,3.145674519317715,20.372339105257723,0.9021320268511772,
kodak,3,0.125,24,0.1456298828125,27.870200439970148,0.7426874935626984,0.0696359048597514,0.0834984481334686,3.099595077805585,21.09309881434003,0.9194527516762416,
kodak,4,0.15,24,0.179409450954861,28.462801408772872,0.7672221859296163,0.0607726322486996,0.075665978093942,3.1220289880283363,21.685699934311693,0.931703289349874,
clic2020,0,0.05,428,0.0390948773159537,27.985860684027816,0.7482552684356119,0.1062901361767098,0.08683443069458,3.745272746023407,21.936107364361273,0.8936825109140896,8.189605410618015
clic2020,1,0.075,428,0.0598585268299924,29.136172475065923,0.7782356626937322,0.0828359519331672,0.0712516658774046,3.7376436328679374,23.086419024969015,0.917779174642028,5.85818289859219
clic2020,2,0.1,428,0.0811832245848716,29.97782723866996,0.8000145938212626,0.068847999398849,0.0617530570130481,3.725840921892477,23.92807358951921,0.9326472714125552,4.737626402979117
clic2020,3,0.125,428,0.1028926601319478,30.652031075740847,0.8167957545162361,0.0592266704721776,0.0552000837905384,3.713833013377958,24.602277653977943,0.942977454757022,3.969857875293144
clic2020,4,0.15,428,0.1240045833916723,31.183571687821463,0.8296624526520756,0.0526392814381239,0.0502709506828094,3.707618278635322,25.13381818041533,0.9500757841584838,3.481852532473283
div2k,0,0.05,100,0.0548951575895507,25.79339646675748,0.6927552157640458,0.1172588403150439,0.0951102423667907,3.19305807654304,19.213906146789018,0.8802283883094788,18.01483232176525
div2k,1,0.075,100,0.0846328032993439,26.99926746840151,0.737463251054287,0.0891876176185905,0.0771270662546157,3.1549121303789924,20.419776967710476,0.9111986941099168,13.362250194938156
div2k,2,0.1,100,0.1150520063080717,27.882613197599994,0.768929388821125,0.0731199092976749,0.0659941601753234,3.153557239467562,21.3031228941296,0.9289929485321043,10.860910284779152
div2k,3,0.125,100,0.1459416405139213,28.595913089696367,0.792532359957695,0.0623041630443185,0.0583391141891479,3.139854029960311,22.01642292126613,0.940833778977394,9.34652994527704
div2k,4,0.15,100,0.1760304927873865,29.18084490715926,0.8102143076062203,0.0548620873503387,0.0524983233213424,3.123819185643794,22.60135486671662,0.9487538725137712,8.219985275198724
