dataset,image_name,quality_index,nominal_bpp,width,height,bpp,PSNR_dB,SSIM,LPIPS,DISTS,NIQE,SNR_dB,MS_SSIM
div2k,0801.png,0,0.05,2040,1356,0.06334085256521488,24.91894305958958,0.6404122710227966,0.1699012964963913,0.0816883444786071,3.2004481813887935,19.472224291854356,0.8464050889015198
div2k,0801.png,1,0.075,2040,1356,0.10101798831627046,26.315510739512973,0.7110015153884888,0.13114221394062042,0.0659286379814148,3.105545844467836,20.868791971777743,0.8964492678642273
div2k,0801.png,2,0.1,2040,1356,0.13816299381109376,27.361290559534368,0.7585073709487915,0.10989104211330414,0.0585089325904846,3.043450372445441,21.914571791799137,0.9221851229667664
div2k,0801.png,3,0.125,2040,1356,0.1753195673549656,28.238359574324928,0.7945192456245422,0.09228157997131348,0.0487483739852905,3.018839456914659,22.791640806589697,0.93934965133667
div2k,0801.png,4,0.15,2040,1356,0.21120365550349934,28.95121368018036,0.8206453919410706,0.08223369717597961,0.0435542464256286,2.9961172492396493,23.50449491244513,0.950247287750244
div2k,0802.png,0,0.05,2040,1356,0.03769448782462838,28.50808912658077,0.7116208672523499,0.07058826088905334,0.0977203249931335,5.031983142550019,20.213693196441263,0.8878476023674011
div2k,0802.png,1,0.075,2040,1356,0.05245531841055006,29.40015808709981,0.7306470274925232,0.05304167792201042,0.0809346437454223,5.109823644507383,21.10576215696031,0.9048274159431458
div2k,0802.png,2,0.1,2040,1356,0.0688125397651686,30.15343948487854,0.7500331997871399,0.04295443370938301,0.0699918866157531,5.02104005371431,21.85904355473904,0.9187633991241456
div2k,0802.png,3,0.125,2040,1356,0.08609520504366938,30.793231815362716,0.7671009302139282,0.03544635325670242,0.0627935528755188,4.933652064279614,22.49883588522321,0.9297657012939452
div2k,0802.png,4,0.15,2040,1356,0.10461565157036266,31.357182094936707,0.7836592197418213,0.030470140278339386,0.0540140867233276,4.868592536920563,23.062786164797203,0.9385867714881896
div2k,0803.png,0,0.05,2040,1536,0.026935253267973858,31.449874537699696,0.9062809348106384,0.05628237873315811,0.0565561056137084,5.227613772090418,26.01238851929166,0.9417977333068848
div2k,0803.png,1,0.075,2040,1536,0.035054125816993464,32.911540630187694,0.9167532920837402,0.04300425201654434,0.0472453236579895,5.175378137633314,27.47405461177966,0.9529775977134703
div2k,0803.png,2,0.1,2040,1536,0.042611315359477125,33.87670424272145,0.923903226852417,0.03575717657804489,0.0429741144180297,5.1706986091757114,28.43921822431341,0.959600031375885
div2k,0803.png,3,0.125,2040,1536,0.050597426470588236,34.61553675000792,0.9287668466567992,0.031166311353445053,0.0384454727172851,5.061505740686696,29.17805073159988,0.964075803756714
div2k,0803.png,4,0.15,2040,1536,0.05819546568627451,35.190754529654754,0.9321951270103456,0.027865031734108925,0.0361819863319397,5.000105151003305,29.753268511246723,0.9672325253486632
div2k,0804.png,0,0.05,2040,1200,0.06468627450980392,24.44788694210351,0.6408170461654663,0.12116354703903198,0.0702258944511413,2.018171530969076,19.99165339829496,0.8631018996238708
div2k,0804.png,1,0.075,2040,1200,0.09667320261437909,25.632425081855395,0.6923831701278687,0.09115545451641083,0.0552992820739746,1.96574648432038,21.17619153804685,0.8993012309074402
div2k,0804.png,2,0.1,2040,1200,0.1293921568627451,26.51953071161239,0.7282477617263794,0.07381250709295273,0.0481430888175964,1.8939633342813798,22.06329716780384,0.9195451140403748
div2k,0804.png,3,0.125,2040,1200,0.16378431372549018,27.24986817866952,0.7565670609474182,0.062435515224933624,0.0420253276824951,1.8772847947963016,22.79363463486097,0.9336586594581604
div2k,0804.png,4,0.15,2040,1200,0.1974313725490196,27.82691292255752,0.7771130800247192,0.0548175685107708,0.0372185707092285,1.836776752552616,23.37067937874897,0.9425942897796632
div2k,0805.png,0,0.05,2040,1536,0.04584865196078431,25.1812019564819,0.5587641000747681,0.17231622338294983,0.1308349967002868,3.3837773664406234,20.91434410316013,0.8212461471557617
div2k,0805.png,1,0.075,2040,1536,0.07390216503267974,26.3121351277406,0.614594578742981,0.13806109130382538,0.1119433641433715,3.2302588999967172,22.04527727441883,0.8687047958374023
div2k,0805.png,2,0.1,2040,1536,0.10304840686274509,27.12616812707273,0.6542162299156189,0.11708486825227737,0.0981022715568542,3.1410037965149202,22.85931027375096,0.895721435546875
div2k,0805.png,3,0.125,2040,1536,0.13366523692810459,27.767667231313204,0.6831719279289246,0.10164466500282288,0.0888887643814086,3.070888584648196,23.500809377991438,0.9133787155151368
div2k,0805.png,4,0.15,2040,1536,0.16390420751633986,28.262082075789397,0.7048627734184265,0.0916750580072403,0.079505443572998,3.0364670248960457,23.995224222467616,0.9249768257141112
div2k,0806.png,0,0.05,2040,1356,0.04241425183642779,26.18025540883057,0.7524527311325073,0.09879691153764725,0.0976650714874267,2.539175996374029,20.765239092641597,0.8917527198791504
div2k,0806.png,1,0.075,2040,1356,0.06477529064723235,27.3148292790108,0.7823769450187683,0.07536137104034424,0.0798237323760986,2.5047928484939317,21.899812962821823,0.9158020615577698
div2k,0806.png,2,0.1,2040,1356,0.08796922898953091,28.200459965990326,0.8066113591194153,0.061541371047496796,0.0667086839675903,2.552824575211179,22.78544364980135,0.9323709607124328
div2k,0806.png,3,0.125,2040,1356,0.11233154028573081,28.895766841581395,0.8258776068687439,0.051745641976594925,0.0589840412139892,2.5479628559208156,23.48075052539242,0.9433725476264954
div2k,0806.png,4,0.15,2040,1356,0.13638151425762046,29.4538372047886,0.8406957983970642,0.045920439064502716,0.0524759292602539,2.542377527617235,24.038820888599624,0.950835645198822
div2k,0807.png,0,0.05,2040,1128,0.10437352245862884,19.230618978582115,0.3912816047668457,0.18889322876930237,0.115013301372528,1.8055297262313488,11.640463303790971,0.7477349638938904
div2k,0807.png,1,0.075,2040,1128,0.1934849116951745,20.35849854445293,0.4902948439121246,0.14032405614852905,0.0953099727630615,1.8170051747681173,12.768342869661794,0.8185970783233643
div2k,0807.png,2,0.1,2040,1128,0.2793422333472396,21.154924158818528,0.5572056174278259,0.11358153820037842,0.0778812170028686,1.951688968485759,13.564768484027384,0.8557783961296082
div2k,0807.png,3,0.125,2040,1128,0.3593172020581282,21.74782438805785,0.6037973761558533,0.09566483646631241,0.0725449323654174,2.1061541152592143,14.157668713266713,0.8792317509651184
div2k,0807.png,4,0.15,2040,1128,0.43135168961201503,22.18418052339849,0.6367385983467102,0.08396460860967636,0.0640072226524353,2.220593451138932,14.594024848607347,0.8943002223968506
div2k,0808.png,0,0.05,2040,1356,0.04000809763433397,24.67833396025113,0.6856227517127991,0.11206655949354172,0.0905522108078002,2.380447589978966,18.039126738024297,0.87151700258255
div2k,0808.png,1,0.075,2040,1356,0.06583955115969692,25.691300383582213,0.7212734222412109,0.0861813873052597,0.0690602660179138,2.336868397284847,19.05209316135538,0.8990087509155273
div2k,0808.png,2,0.1,2040,1356,0.09552316501821968,26.493430152384896,0.748873770236969,0.07357993721961975,0.0559732913970947,2.2785628366663624,19.854222930158063,0.9162408709526062
div2k,0808.png,3,0.125,2040,1356,0.1261784949968188,27.234595660857075,0.775176465511322,0.06233324483036995,0.0493890047073364,2.270251008757834,20.59538843863024,0.9292694926261902
div2k,0808.png,4,0.15,2040,1356,0.15698420961304876,27.840680861173432,0.7952957153320312,0.05508261173963547,0.0436974167823791,2.214685753428726,21.2014736389466,0.938836395740509
div2k,0809.png,0,0.05,2040,1356,0.046578749493897856,26.251821363334248,0.6257187724113464,0.1547841876745224,0.0787245631217956,3.884118004749574,19.90586245104024,0.8012444972991943
div2k,0809.png,1,0.075,2040,1356,0.07606570651859564,27.711876805620022,0.6987846493721008,0.11742940545082092,0.0623500347137451,3.7717137309622464,21.365917893326014,0.8675496578216553
div2k,0809.png,2,0.1,2040,1356,0.10629301868239921,28.822470280008243,0.7495570182800293,0.09480692446231842,0.0542402267456054,3.6764216765355036,22.47651136771424,0.9032135009765624
div2k,0809.png,3,0.125,2040,1356,0.13612701717855283,29.744498505841293,0.7863967418670654,0.08023685216903687,0.0470002889633178,3.6151612697461566,23.398539593547284,0.9251481890678406
div2k,0809.png,4,0.15,2040,1356,0.16459598588698016,30.47309887779281,0.8141565322875977,0.07101219892501831,0.0393061637878418,3.582803214269625,24.12713996549881,0.9391081929206848
div2k,0810.png,0,0.05,2040,1536,0.04694138071895425,24.821139517869398,0.6791765093803406,0.12408515810966492,0.0861352682113647,3.5136321806111237,18.268582114158956,0.865307629108429
div2k,0810.png,1,0.075,2040,1536,0.07785437091503268,26.273163319767825,0.7477018237113953,0.09919428825378418,0.0697251558303833,3.555536013500517,19.720605916057384,0.9080864787101746
div2k,0810.png,2,0.1,2040,1536,0.10908394607843137,27.379381028644023,0.789780855178833,0.0824747234582901,0.0563562512397766,3.620652001699149,20.82682362493358,0.9300203323364258
div2k,0810.png,3,0.125,2040,1536,0.14065053104575165,28.27669036052034,0.8196407556533813,0.07020378857851028,0.0492015480995178,3.5511259526145658,21.724132956809896,0.9436303973197936
div2k,0810.png,4,0.15,2040,1536,0.16984783496732025,28.980142630927137,0.8389773964881897,0.06232067942619324,0.0441320538520813,3.621282827368728,22.42758522721669,0.9518024325370787
div2k,0811.png,0,0.05,2040,1356,0.04786280293828446,25.31282568893392,0.5818215012550354,0.18969450891017914,0.1085068583488464,2.676672143941445,16.345637680969226,0.8114347457885742
div2k,0811.png,1,0.075,2040,1356,0.077870322170166,26.50046968279125,0.6409521698951721,0.14668920636177063,0.0830003023147583,2.6575933879363247,17.533281674826554,0.8635180592536926
div2k,0811.png,2,0.1,2040,1356,0.10960148071027821,27.403687284207617,0.6838626861572266,0.12032916396856308,0.0755220055580139,2.572761402941451,18.43649927624292,0.8939310908317566
div2k,0811.png,3,0.125,2040,1356,0.142396899762855,28.15414951158059,0.7177044749259949,0.10390442609786987,0.0650705099105835,2.4547250853284455,19.186961503615898,0.9135858416557312
div2k,0811.png,4,0.15,2040,1356,0.1758285615131008,28.784633861325,0.7446097135543823,0.09124614298343658,0.0545794963836669,2.3779141805536113,19.817445853360304,0.9272080063819884
div2k,0812.png,0,0.05,2040,1536,0.04362234477124183,25.987356383281544,0.7177261114120483,0.10341464728116989,0.084815502166748,2.400834988668577,20.186335824439663,0.8930082321166992
div2k,0812.png,1,0.075,2040,1536,0.06550755718954249,27.14294842337204,0.7606328129768372,0.07814734429121017,0.0730817914009094,2.418687291289252,21.34192786453016,0.921591579914093
div2k,0812.png,2,0.1,2040,1536,0.0896905637254902,28.03800677379234,0.79252028465271,0.06459563225507736,0.0602638125419616,2.388306440518193,22.23698621495046,0.9388024806976318
div2k,0812.png,3,0.125,2040,1536,0.11551776960784314,28.8031540573406,0.818324625492096,0.0548972450196743,0.054117202758789,2.2958824493937837,23.00213349849872,0.9503440856933594
div2k,0812.png,4,0.15,2040,1536,0.1410590277777778,29.461199192203186,0.8379213213920593,0.047994352877140045,0.0469899177551269,2.2502264600840496,23.660178633361305,0.9580677151679992
div2k,0813.png,0,0.05,2040,1464,0.03955319832851173,27.717429806062192,0.7563232779502869,0.08787523210048676,0.0495519638061523,2.998856236026988,22.794787425078063,0.9156349301338196
div2k,0813.png,1,0.075,2040,1464,0.0554323368691739,28.91948182736849,0.7823244333267212,0.06839213520288467,0.0400531888008117,2.916670651586036,23.996839446384367,0.9328529834747314
div2k,0813.png,2,0.1,2040,1464,0.07151505410907533,29.77486847020097,0.7986164689064026,0.05706596374511719,0.0332927703857421,2.8907272105926842,24.852226089216853,0.9426141381263732
div2k,0813.png,3,0.125,2040,1464,0.08741562198649952,30.408446048246688,0.8101134896278381,0.049973662942647934,0.0302079319953918,2.913023830119635,25.48580366726256,0.9487746357917786
div2k,0813.png,4,0.15,2040,1464,0.10384120861459338,30.920127756955083,0.8190164566040039,0.045100677758455276,0.0266311168670654,2.8399745440778497,25.99748537597096,0.953559398651123
div2k,0814.png,0,0.05,2040,1356,0.03824975417895772,26.790509565397183,0.8559246063232422,0.06858894973993301,0.1051706075668335,3.3032509092854503,18.24953630608125,0.943391978740692
div2k,0814.png,1,0.075,2040,1356,0.05738330730522297,28.249698424998652,0.883756160736084,0.051203653216362,0.0831343531608581,3.4218576015934836,19.70872516568272,0.9599416255950928
div2k,0814.png,2,0.1,2040,1356,0.07655156457863381,29.226240657323498,0.9019969701766968,0.04319717735052109,0.0669096112251281,3.5405901938373177,20.68526739800756,0.9683942794799804
div2k,0814.png,3,0.125,2040,1356,0.09538434842963735,30.02260090002865,0.9145912528038024,0.036765336990356445,0.0576221942901611,3.4786720702037854,21.48162764071272,0.9737523198127748
div2k,0814.png,4,0.15,2040,1356,0.1140204754468159,30.66185983138746,0.9242028594017028,0.03242270648479462,0.0495804548263549,3.4259033611695764,22.120886572071523,0.9774983525276184
div2k,0815.png,0,0.05,2040,1356,0.047029903406790446,27.94970571168781,0.7839601635932922,0.109117291867733,0.0836777091026306,3.769469296461093,20.00057607701158,0.8977372646331787
div2k,0815.png,1,0.075,2040,1356,0.0674012377812482,29.133266095221167,0.8078711032867432,0.08201265335083008,0.0635653138160705,3.6108634597062723,21.18413646054493,0.9231087565422058
div2k,0815.png,2,0.1,2040,1356,0.08736769043900747,30.008827813804537,0.8250524401664734,0.06661893427371979,0.0539387464523315,3.5828901516507683,22.059698179128297,0.937804400920868
div2k,0815.png,3,0.125,2040,1356,0.10701023772340795,30.69119926158735,0.8379683494567871,0.05676444619894028,0.0490191578865051,3.5135216179397717,22.74206962691112,0.9471883773803712
div2k,0815.png,4,0.15,2040,1356,0.12591242986870263,31.198845533954877,0.8474335670471191,0.050749264657497406,0.0450181365013122,3.501857224314493,23.24971589927864,0.9536562561988832
div2k,0816.png,0,0.05,2040,1356,0.03364567065764359,27.491240374795535,0.6920629143714905,0.12436584383249283,0.0982141494750976,2.521578431445427,22.58330002466045,0.8709094524383545
div2k,0816.png,1,0.075,2040,1356,0.05069697495517381,28.5674975533517,0.7266558408737183,0.09742171317338943,0.0853321552276611,2.4307474872665753,23.65955720321661,0.9013664722442628
div2k,0816.png,2,0.1,2040,1356,0.06888194805945977,29.36030750554728,0.7517044544219971,0.0803913101553917,0.0728120803833007,2.3992114360581844,24.452367155412183,0.9191854000091552
div2k,0816.png,3,0.125,2040,1356,0.08845508704956909,30.008591652336197,0.7722122073173523,0.06922738999128342,0.0631127953529357,2.401062230146483,25.1006513022011,0.931621253490448
div2k,0816.png,4,0.15,2040,1356,0.10908091850309445,30.57760771246578,0.7894454002380371,0.06147501617670059,0.0567396879196167,2.41553654825223,25.66966736233069,0.940688133239746
div2k,0817.png,0,0.05,2040,1536,0.05426368464052288,26.39023198586476,0.7273774743080139,0.1267530620098114,0.075415551662445,3.256237610557055,21.00316094907753,0.8841227889060974
div2k,0817.png,1,0.075,2040,1536,0.07783394607843137,27.619121775297963,0.7606901526451111,0.09434335678815842,0.0596626996994018,3.15567664465081,22.232050738510733,0.912351131439209
div2k,0817.png,2,0.1,2040,1536,0.10001531862745099,28.454328286581124,0.7812525629997253,0.0776519700884819,0.0523023605346679,3.0914870671420087,23.067257249793897,0.9272632002830504
div2k,0817.png,3,0.125,2040,1536,0.12255412581699346,29.06574843691645,0.7969270348548889,0.06643900275230408,0.0469869375228881,3.0810376155340817,23.67867740012922,0.9372076988220216
div2k,0817.png,4,0.15,2040,1536,0.14333639705882353,29.550061282483757,0.8081014752388,0.05891425907611847,0.043233036994934,3.040798951072636,24.162990245696527,0.9439919590950012
div2k,0818.png,0,0.05,2040,1536,0.05319138071895425,25.738793321158788,0.7867955565452576,0.10920333117246628,0.0746523141860961,3.1380487982905865,22.04418088824813,0.9169754981994628
div2k,0818.png,1,0.075,2040,1536,0.0797640931372549,27.04845864972933,0.8212104439735413,0.0810251533985138,0.0601463913917541,3.086530918649652,23.353846216818667,0.9375872611999512
div2k,0818.png,2,0.1,2040,1536,0.10548917483660131,28.017280066281863,0.844994843006134,0.06670878827571869,0.0515824556350708,3.068096127031593,24.322667633371204,0.9493696093559264
div2k,0818.png,3,0.125,2040,1536,0.13091809640522875,28.79642833989108,0.8624805212020874,0.05661069601774216,0.0439760684967041,3.0426452685071292,25.10181590698042,0.95684552192688
div2k,0818.png,4,0.15,2040,1536,0.1555300245098039,29.40447377660877,0.8755423426628113,0.04917801544070244,0.0401579737663269,2.9613685278562434,25.709861343698112,0.9621215462684632
div2k,0819.png,0,0.05,2040,1356,0.06531898895251316,24.10489292914141,0.6118907332420349,0.1578017771244049,0.0890694260597229,2.414233775314424,17.82988462895532,0.8192089200019836
div2k,0819.png,1,0.075,2040,1356,0.10770432066631963,25.38210607870193,0.6838358640670776,0.11789801716804504,0.0671061873435974,2.3925861093610683,19.107097778515847,0.8750278353691101
div2k,0819.png,2,0.1,2040,1356,0.15118861703973624,26.384007653996363,0.7341068387031555,0.09697965532541275,0.0567460060119628,2.324486739801777,20.10899935381028,0.9055280685424804
div2k,0819.png,3,0.125,2040,1356,0.19525131586557928,27.21764086239488,0.7728748321533203,0.08192236721515656,0.0473920106887817,2.2672079868507917,20.94263256220879,0.9250425696372986
div2k,0819.png,4,0.15,2040,1356,0.2371276534212505,27.90151576345529,0.8009666204452515,0.07072950154542923,0.0421557426452636,2.242924477329185,21.626507463269206,0.9376447200775146
div2k,0820.png,0,0.05,2040,1356,0.08815431777430736,23.80420984183982,0.7308889031410217,0.10409674793481827,0.0787982940673828,2.379641200185018,19.585667551762626,0.9033815264701844
div2k,0820.png,1,0.075,2040,1356,0.12885071432702874,25.272140626032016,0.7893463969230652,0.07484763860702515,0.060112714767456,2.3782871569816395,21.05359833595482,0.9351113438606262
div2k,0820.png,2,0.1,2040,1356,0.1690381167216149,26.397612287989794,0.8279554843902588,0.059330977499485016,0.0510304570198059,2.4006437829465916,22.1790699979126,0.9522855281829834
div2k,0820.png,3,0.125,2040,1356,0.20909827057666724,27.28780738405664,0.8545376658439636,0.04852492734789848,0.0427181720733642,2.4100726408119244,23.06926509397944,0.962498426437378
div2k,0820.png,4,0.15,2040,1356,0.24701833535774192,27.988858896906294,0.8729768395423889,0.04180984944105148,0.034982144832611,2.415194492875338,23.7703166068291,0.9688794016838074
div2k,0821.png,0,0.05,2040,1356,0.06589739140493955,27.180974951408658,0.810792088508606,0.053204189985990524,0.0949321985244751,3.8868393994829136,20.427062551195583,0.9522271156311036
div2k,0821.png,1,0.075,2040,1356,0.08712476140898838,28.49155359308604,0.8381447792053223,0.03939516842365265,0.078000783920288,3.9148678898937064,21.737641192872967,0.9619683623313904
div2k,0821.png,2,0.1,2040,1356,0.10778529700965932,29.479493197088917,0.8561426401138306,0.03119516745209694,0.0678907632827758,3.923081994243827,22.72558079687584,0.9676432609558104
div2k,0821.png,3,0.125,2040,1356,0.12925559604372722,30.21927573536581,0.868857741355896,0.026323402300477028,0.0588982701301574,3.9508665210657092,23.465363335152738,0.9712278842926024
div2k,0821.png,4,0.15,2040,1356,0.14929145699577767,30.86312718116298,0.8785871863365173,0.022559523582458496,0.0542426109313964,3.8952349704387736,24.10921478094991,0.9740417003631592
div2k,0822.png,0,0.05,2040,1596,0.058474617917342375,25.715887039116964,0.6685681343078613,0.12293467670679092,0.0983901023864746,2.7240795797939055,16.427797332983726,0.8678292632102966
div2k,0822.png,1,0.075,2040,1596,0.08780284043441938,27.031237203740343,0.7275233864784241,0.0899922102689743,0.0816423296928405,2.6947606519134655,17.74314749760711,0.9055673480033876
div2k,0822.png,2,0.1,2040,1596,0.11734728979311022,28.013867666758667,0.7674368023872375,0.07189851999282837,0.0688848495483398,2.623780472656304,18.725777960625432,0.9273285865783693
div2k,0822.png,3,0.125,2040,1596,0.1470391665438105,28.828845179997387,0.7972872853279114,0.060072485357522964,0.0628405213356018,2.522267935251321,19.540755473864152,0.9416248202323914
div2k,0822.png,4,0.15,2040,1596,0.17626910413288122,29.48605870495438,0.8193941116333008,0.05218205600976944,0.0544958710670471,2.49611566397147,20.197968998821143,0.9510248303413392
div2k,0823.png,0,0.05,2040,1284,0.06272677295217152,24.28247084132242,0.720796525478363,0.10213503986597061,0.0985119938850402,2.3420075056762832,20.2292359613693,0.9018802642822266
div2k,0823.png,1,0.075,2040,1284,0.09518661046973306,25.55630231422057,0.760701060295105,0.0791223868727684,0.0743595957756042,2.3367958168768044,21.503067434267447,0.9237601161003112
div2k,0823.png,2,0.1,2040,1284,0.12729216297110746,26.50706517642605,0.787160336971283,0.0655386820435524,0.0621849298477172,2.2217724153822616,22.45383029647293,0.935841143131256
div2k,0823.png,3,0.125,2040,1284,0.16036283672347443,27.2678975975497,0.8074125051498413,0.054958026856184006,0.0551165342330932,2.2928228835456976,23.21466271759658,0.9444475769996644
div2k,0823.png,4,0.15,2040,1284,0.19118563313175738,27.826264458164065,0.8218773007392883,0.04803841561079025,0.0477203726768493,2.2265967849239243,23.77302957821094,0.9512017369270324
div2k,0824.png,0,0.05,2040,1356,0.044080050899415815,26.57853368443856,0.8196954727172852,0.07907881587743759,0.070912480354309,3.000163838128889,21.59653925837933,0.933763027191162
div2k,0824.png,1,0.075,2040,1356,0.06346810110474868,27.728385348917502,0.8449899554252625,0.05855506658554077,0.0576863884925842,2.888168850034585,22.746390922858275,0.9497211575508118
div2k,0824.png,2,0.1,2040,1356,0.08380473133206084,28.61129893350514,0.8628481030464172,0.04827304184436798,0.0526700615882873,2.7913353101439067,23.62930450744592,0.959439754486084
div2k,0824.png,3,0.125,2040,1356,0.10474290010989647,29.31387810183224,0.8759000301361084,0.04041067138314247,0.0474724769592285,2.7744891829053984,24.33188367577301,0.9659797549247742
div2k,0824.png,4,0.15,2040,1356,0.12562322864248945,29.869784811313064,0.8862730264663696,0.03571014851331711,0.044448971748352,2.7525507916870513,24.88779038525384,0.9704278111457824
div2k,0825.png,0,0.05,2040,1356,0.06693851581930707,24.81837729976785,0.6817486882209778,0.11796097457408905,0.0788944363594055,2.3626079133763747,19.387284574336203,0.8854794502258301
div2k,0825.png,1,0.075,2040,1356,0.09643704089305338,26.03695779015642,0.7254282236099243,0.08676551282405853,0.0635801553726196,2.3064650059050327,20.60586506472477,0.9123242497444152
div2k,0825.png,2,0.1,2040,1356,0.12624790329110996,26.98565735375299,0.7573899626731873,0.07097826898097992,0.0541898012161254,2.2166370043834296,21.554564628321344,0.928610622882843
div2k,0825.png,3,0.125,2040,1356,0.15740065937879577,27.731730664479706,0.781522810459137,0.05919278785586357,0.044807493686676,2.1875166116893467,22.30063793904805,0.9405823349952698
div2k,0825.png,4,0.15,2040,1356,0.18846087107409334,28.342782704281472,0.8012676239013672,0.05234755948185921,0.0394874811172485,2.1521527891842647,22.911689978849825,0.9489941596984864
div2k,0826.png,0,0.05,2040,1536,0.06744791666666666,23.340918370697956,0.6939548850059509,0.10659179836511612,0.0934418439865112,2.193207749701277,18.561180974212935,0.8839928507804871
div2k,0826.png,1,0.075,2040,1536,0.1075827205882353,24.67169468462538,0.751603364944458,0.07987367361783981,0.0735900402069091,2.2382170349503006,19.891957288140365,0.917047917842865
div2k,0826.png,2,0.1,2040,1536,0.14602226307189542,25.63200975756473,0.7881264686584473,0.06373570114374161,0.0623020529747009,2.30177058032973,20.85227236107972,0.9346504807472228
div2k,0826.png,3,0.125,2040,1536,0.1832873774509804,26.372082761636022,0.8136297464370728,0.05346332862973213,0.0527682900428772,2.2840178857964792,21.59234536515101,0.9460410475730896
div2k,0826.png,4,0.15,2040,1536,0.21807087418300652,26.917344951416883,0.8313862681388855,0.047011081129312515,0.0466354489326477,2.342593711989377,22.13760755493187,0.9532453417778016
div2k,0827.png,0,0.05,2040,1536,0.026424632352941176,30.35706540557305,0.7652590274810791,0.14833980798721313,0.0983339548110961,3.348527122407537,15.004333055387836,0.875944197177887
div2k,0827.png,1,0.075,2040,1536,0.03874080882352941,31.373617099503612,0.7848100662231445,0.11911427974700928,0.0795048475265502,3.437626140320986,16.020884749318398,0.8980199694633484
div2k,0827.png,2,0.1,2040,1536,0.051281658496732024,32.15017114872811,0.8007569313049316,0.09795834124088287,0.0646923184394836,3.5065610027694163,16.797438798542895,0.9134361147880554
div2k,0827.png,3,0.125,2040,1536,0.06502757352941177,32.76694271656803,0.8133221864700317,0.08435659110546112,0.0565278530120849,3.493086468156198,17.414210366382818,0.9248510003089904
div2k,0827.png,4,0.15,2040,1536,0.0790390114379085,33.27046523624831,0.8242586255073547,0.07563991844654083,0.0515242218971252,3.545878883040493,17.917732886063096,0.9336783289909364
div2k,0828.png,0,0.05,2040,1356,0.0923072473827289,24.39417785932296,0.8659549951553345,0.03453108295798302,0.1106759309768676,4.7652379999854135,14.121430126195238,0.9662720561027528
div2k,0828.png,1,0.075,2040,1356,0.12409624616808375,25.650042631550395,0.8931695222854614,0.02572728879749775,0.0869334936141967,4.570350181858106,15.37729489842267,0.9738042950630188
div2k,0828.png,2,0.1,2040,1356,0.15664873619064146,26.442052342328253,0.906301498413086,0.020746774971485138,0.0802303552627563,4.761461536269732,16.169304609200527,0.9776892066001892
div2k,0828.png,3,0.125,2040,1356,0.1914569957776621,27.00181487876576,0.915725827217102,0.018137667328119278,0.0724425315856933,4.824974717589433,16.729067145638034,0.9805581569671632
div2k,0828.png,4,0.15,2040,1356,0.22634623170802246,27.350800670928063,0.9187007546424866,0.016233142465353012,0.0658344626426696,4.705556888429965,17.078052937800337,0.9817459583282472
div2k,0829.png,0,0.05,2040,1356,0.03400428017814795,24.00919610410896,0.3692710399627685,0.1358293741941452,0.0855658650398254,3.945913016593794,15.77888391483147,0.7666907906532288
div2k,0829.png,1,0.075,2040,1356,0.05562496384984672,24.60687011970073,0.3910028338432312,0.1085289716720581,0.0693865418434143,3.920147015899039,16.376557930423235,0.7984629273414612
div2k,0829.png,2,0.1,2040,1356,0.08014922783272602,25.04813570861634,0.4096154868602752,0.09214353561401367,0.0621696710586547,3.97968542039043,16.817823519338848,0.8206388354301453
div2k,0829.png,3,0.125,2040,1356,0.10909248655214299,25.442761078596465,0.4290928840637207,0.0800715759396553,0.0552877187728881,3.9582778956292786,17.212448889318974,0.8394435048103333
div2k,0829.png,4,0.15,2040,1356,0.13940077505928625,25.747849388607808,0.4469235241413116,0.07230338454246521,0.0546741485595703,3.8774587194871875,17.51753719933032,0.8535054326057434
div2k,0830.png,0,0.05,2040,816,0.05173971549404075,23.5007875738538,0.6553187966346741,0.11228596419095993,0.1036577820777893,2.503904999916662,18.38857485875183,0.8554016947746277
div2k,0830.png,1,0.075,2040,816,0.08705305651672433,24.71894802434091,0.7136955261230469,0.08474448323249817,0.082876443862915,2.5112336470055636,19.606735309238942,0.8958486914634705
div2k,0830.png,2,0.1,2040,816,0.12311610918877355,25.64434854098642,0.7532071471214294,0.06892144680023193,0.0652437210083007,2.5743741681251744,20.532135825884453,0.9180341362953186
div2k,0830.png,3,0.125,2040,816,0.15975586312956555,26.356669226550096,0.7822479009628296,0.058887094259262085,0.0602916479110717,2.5487707534500945,21.244456511448128,0.9328110814094543
div2k,0830.png,4,0.15,2040,816,0.19491541714725105,26.92870048600963,0.8037521839141846,0.051935505121946335,0.0534610748291015,2.4995180517063003,21.816487770907663,0.9429137110710144
div2k,0831.png,0,0.05,2040,1356,0.057811325120018506,27.095376294147503,0.7620940208435059,0.1091829463839531,0.0664545893669128,2.987916231361915,18.99007193946715,0.9057631492614746
div2k,0831.png,1,0.075,2040,1356,0.0819654115333449,28.54372895023929,0.8049511909484863,0.07884593307971954,0.0533129572868347,2.9239451680497255,20.438424595558946,0.9330098628997804
div2k,0831.png,2,0.1,2040,1356,0.10532130256232286,29.60067337455917,0.833172619342804,0.06313851475715637,0.0448210835456848,2.916623906324264,21.495369019878822,0.9475463032722472
div2k,0831.png,3,0.125,2040,1356,0.12865405749320377,30.45072096704276,0.8538485765457153,0.05196360498666763,0.0368205308914184,2.8922536605478437,22.345416612362406,0.9572792649269104
div2k,0831.png,4,0.15,2040,1356,0.15147781826594944,31.133543060440644,0.8692545890808105,0.04448579251766205,0.0332351922988891,2.8585271443918607,23.02823870576029,0.9635536074638368
div2k,0832.png,0,0.05,2040,1356,0.05385505234542194,26.57040845454564,0.735562264919281,0.10136450082063675,0.0607657432556152,2.7064889940729513,19.930704166389383,0.8881185054779053
div2k,0832.png,1,0.075,2040,1356,0.07763896118919544,27.89264666185049,0.7724620699882507,0.07692482322454453,0.0482076406478881,2.627789931663161,21.25294237369424,0.9143247604370116
div2k,0832.png,2,0.1,2040,1356,0.10129562149343513,28.88354588670058,0.7984925508499146,0.0622163861989975,0.0406400561332702,2.5830661213756736,22.243841598544325,0.9296594262123108
div2k,0832.png,3,0.125,2040,1356,0.12496384984672335,29.6433458703195,0.8171647191047668,0.05364438518881798,0.0326442122459411,2.5330413569966583,23.003641582163247,0.9395464062690736
div2k,0832.png,4,0.15,2040,1356,0.14865521429810863,30.24781227933991,0.8310853838920593,0.046756330877542496,0.0290818810462951,2.560121784604705,23.60810799118365,0.9466755986213684
div2k,0833.png,0,0.05,2040,1548,0.026077924709935654,30.18039568627756,0.8152372241020203,0.08402413129806519,0.0724677443504333,4.411721311851086,27.495212179143778,0.941277801990509
div2k,0833.png,1,0.075,2040,1548,0.03472158889395552,31.29184356730157,0.8298243284225464,0.07005277276039124,0.0558003187179565,4.280753858422073,28.606660060167783,0.9497515559196472
div2k,0833.png,2,0.1,2040,1548,0.04338551958251001,32.07378659250184,0.8361518383026123,0.061683960258960724,0.0514699816703796,4.288816683159532,29.38860308536806,0.9538882374763488
div2k,0833.png,3,0.125,2040,1548,0.05384303592237929,32.50795849752096,0.8396271467208862,0.055949386209249496,0.0436435937881469,4.233964254886363,29.822774990387177,0.956558883190155
div2k,0833.png,4,0.15,2040,1548,0.06402695445103106,32.92774566226917,0.8423589468002319,0.05152086913585663,0.040525734424591,4.21447729856661,30.242562155135385,0.9584702849388124
div2k,0834.png,0,0.05,2040,1356,0.052443750361501534,23.59842431572144,0.6773059964179993,0.11864785850048065,0.1009171605110168,2.166153005463273,20.396769107816965,0.8634152412414551
div2k,0834.png,1,0.075,2040,1356,0.09194863786222454,24.8639077816177,0.7363816499710083,0.09006568044424057,0.0830534100532531,2.070495939449711,21.66225257371323,0.9038560390472412
div2k,0834.png,2,0.1,2040,1356,0.13324657296546938,25.80221626888357,0.7771878838539124,0.07279187440872192,0.0707261562347412,2.037593466701077,22.600561060979093,0.926283359527588
div2k,0834.png,3,0.125,2040,1356,0.17567817687546997,26.611704192454265,0.8094379901885986,0.06127187982201576,0.0610425472259521,1.9933318839960104,23.41004898454979,0.941707193851471
div2k,0834.png,4,0.15,2040,1356,0.21561108219098848,27.24729989923573,0.8324751257896423,0.052554890513420105,0.0560223460197448,2.0422442379743866,24.04564469133126,0.9519033432006836
div2k,0835.png,0,0.05,1620,2040,0.07567659162430404,21.4540600607362,0.4410070478916168,0.21158288419246674,0.1188493371009826,1.7502003683323084,14.053102148788492,0.7673812508583069
div2k,0835.png,1,0.075,1620,2040,0.13616557734204793,22.657708075628268,0.5401157736778259,0.1618807017803192,0.0950716137886047,1.656684010432452,15.256750163680564,0.8381669521331787
div2k,0835.png,2,0.1,1620,2040,0.19775841200677802,23.55716210054713,0.6094228029251099,0.1335090547800064,0.0826743245124816,1.663379174570045,16.156204188599432,0.8773322701454163
div2k,0835.png,3,0.125,1620,2040,0.2595158557250061,24.275342684288155,0.66048264503479,0.11345963180065155,0.0727846622467041,1.6996377192152112,16.87438477234045,0.902690887451172
div2k,0835.png,4,0.15,1620,2040,0.31777777777777777,24.845570161608983,0.697756826877594,0.099891297519207,0.067318320274353,1.7625785470587718,17.444612249661272,0.9185169339179992
div2k,0836.png,0,0.05,2040,1536,0.06060559640522876,24.95978753001756,0.742796003818512,0.08665508031845093,0.0814185142517089,3.135685435192277,21.162459634395056,0.9056151509284972
div2k,0836.png,1,0.075,2040,1536,0.08830167483660131,26.28385392898549,0.7872687578201294,0.06365259736776352,0.062961995601654,3.09593482075762,22.486526033362985,0.9299452304840088
div2k,0836.png,2,0.1,2040,1536,0.11623263888888889,27.291461969927408,0.8182823657989502,0.050992026925086975,0.0502821803092956,3.131482200614547,23.494134074304903,0.9437904357910156
div2k,0836.png,3,0.125,2040,1536,0.14482741013071895,28.060322715213157,0.8410016894340515,0.042909279465675354,0.04362154006958,3.083963757813821,24.26299481959065,0.9528846740722656
div2k,0836.png,4,0.15,2040,1536,0.17300347222222223,28.681193903527664,0.857589602470398,0.037136830389499664,0.0404311418533325,3.136184727389175,24.88386600790516,0.9589988589286804
div2k,0837.png,0,0.05,2040,1356,0.08209266007287871,23.88976675793911,0.6983442306518555,0.12601521611213684,0.0945492982864379,2.2632027270762585,16.071546619273857,0.8937833905220032
div2k,0837.png,1,0.075,2040,1356,0.12363352420614264,25.31273920002516,0.7607479691505432,0.08999741077423096,0.0728068351745605,2.204973742962388,17.49451906135991,0.927136480808258
div2k,0837.png,2,0.1,2040,1356,0.16450344149459192,26.39984759026408,0.8008899688720703,0.07016146183013916,0.0613312721252441,2.25123340732142,18.58162745159882,0.9447786211967468
div2k,0837.png,3,0.125,2040,1356,0.2049916131644398,27.286340929590747,0.8301022052764893,0.05773332342505455,0.0511295199394226,2.2561050326187035,19.468120790925493,0.9561342597007751
div2k,0837.png,4,0.15,2040,1356,0.24344380820174677,27.981507998366943,0.8506840467453003,0.04963605850934982,0.0449054837226867,2.2826476200620043,20.16328785970169,0.9631359577178956
div2k,0838.png,0,0.05,2040,1356,0.020180461565157036,31.11376398649612,0.7807632088661194,0.11882520467042923,0.0892308354377746,4.413140148428242,23.861257579132925,0.903352439403534
div2k,0838.png,1,0.075,2040,1356,0.02635779975707097,31.839477220185664,0.7893060445785522,0.09819532185792923,0.0738060474395752,4.465191804382715,24.586970812822464,0.9155702590942384
div2k,0838.png,2,0.1,2040,1356,0.03482561166059344,32.564353700422615,0.7978326082229614,0.08741823583841324,0.0646407008171081,4.417857902546823,25.31184729305941,0.9248213768005372
div2k,0838.png,3,0.125,2040,1356,0.04493608652900688,33.04281457737823,0.8055921196937561,0.07872331887483597,0.0601752996444702,4.3075368910028695,25.79030817001503,0.931842803955078
div2k,0838.png,4,0.15,2040,1356,0.05517380993695413,33.47400637135388,0.812958836555481,0.07159189879894257,0.0567323565483093,4.256599446575157,26.221499963990684,0.9376819133758544
div2k,0839.png,0,0.05,2040,1356,0.034987564347272834,25.749072218856487,0.6687631011009216,0.1115371435880661,0.1157997250556945,3.629274553512176,16.739464145960078,0.8830639719963074
div2k,0839.png,1,0.075,2040,1356,0.060506680548325524,26.78212313705632,0.7005078792572021,0.08784228563308716,0.1022444367408752,3.137045103260973,17.77251506415991,0.9146984219551086
div2k,0839.png,2,0.1,2040,1356,0.09221470299034068,27.614548586108395,0.7557616233825684,0.0735137015581131,0.0910512208938598,3.7142056638307532,18.604940513211982,0.9361432194709778
div2k,0839.png,3,0.125,2040,1356,0.1101798831627046,28.33909551889656,0.7824685573577881,0.06373099237680435,0.082013726234436,3.969250782652527,19.329487446000147,0.94941383600235
div2k,0839.png,4,0.15,2040,1356,0.1383480825958702,28.953104023512957,0.8040416240692139,0.05636478215456009,0.0739631056785583,3.4919258859421065,19.943495950616544,0.9579842686653136
div2k,0840.png,0,0.05,2040,1356,0.06288969865232229,24.785710703375518,0.6169382333755493,0.1686544567346573,0.1198342442512512,2.5590403698136237,15.05038246544022,0.8521163463592529
div2k,0840.png,1,0.075,2040,1356,0.09957198218520447,26.06912513003737,0.6832793951034546,0.12335625290870667,0.0955386161804199,2.4523128287538225,16.33379689210208,0.8968740105628967
div2k,0840.png,2,0.1,2040,1356,0.13716814159292035,27.10369624517537,0.7307440042495728,0.09827694296836853,0.0829859972000122,2.3463935878011775,17.36836800724008,0.9224169850349426
div2k,0840.png,3,0.125,2040,1356,0.1763259876221875,27.97602809701887,0.7684987187385559,0.08188476413488388,0.0753942131996154,2.253277799101384,18.24069985908357,0.9389013648033142
div2k,0840.png,4,0.15,2040,1356,0.2154144253571635,28.71065456202605,0.7972865104675293,0.07090156525373459,0.0672770738601684,2.2145921051320547,18.97532632409076,0.9499726295471193
div2k,0841.png,0,0.05,2040,1356,0.05469951992596449,26.122157803000764,0.7378466129302979,0.12852585315704346,0.0906100273132324,2.4592917894122643,16.199596458092557,0.8916506767272949
div2k,0841.png,1,0.075,2040,1356,0.08194227543524785,27.49357508284621,0.7818849682807922,0.09622618556022644,0.0733262300491333,2.4626405390909407,17.571013737937996,0.9215481281280518
div2k,0841.png,2,0.1,2040,1356,0.10817861067730927,28.475979229739167,0.8106639385223389,0.07727420330047607,0.0623548626899719,2.4538362091997565,18.55341788483096,0.9379103779792786
div2k,0841.png,3,0.125,2040,1356,0.13456533055700157,29.269681021396924,0.8317566514015198,0.0648249015212059,0.0551217794418334,2.369664614874904,19.34711967648872,0.9485743641853333
div2k,0841.png,4,0.15,2040,1356,0.1603505118861704,29.91996690335747,0.8471584916114807,0.05594538897275925,0.0503385066986084,2.2979898279640167,19.997405558449262,0.9557949900627136
div2k,0842.png,0,0.05,2040,1356,0.03689629244027995,26.35732321474793,0.7255722284317017,0.11193330585956573,0.0677849054336547,2.5916616605116993,22.9781204065305,0.8738679885864258
div2k,0842.png,1,0.075,2040,1356,0.059211059054890394,27.5183997687804,0.764101505279541,0.08795269578695297,0.0561931729316711,2.541032775800006,24.139196960562977,0.9085906147956848
div2k,0842.png,2,0.1,2040,1356,0.08368905084157557,28.44673000825709,0.7961349487304688,0.07259056717157364,0.049765408039093,2.4331592832858373,25.06752720003967,0.9305837154388428
div2k,0842.png,3,0.125,2040,1356,0.10947423217074441,29.260074957144678,0.8225566744804382,0.0616510845720768,0.0433424115180969,2.461822258162076,25.880872148927253,0.9455230832099916
div2k,0842.png,4,0.15,2040,1356,0.1356989993637573,29.93564246601338,0.8437065482139587,0.054831646382808685,0.0384759306907653,2.4348987451781623,26.55643965779596,0.9553611874580384
div2k,0843.png,0,0.05,2040,1356,0.023997917751171265,34.997724264819055,0.9485583305358888,0.026860695332288742,0.0867910385131836,7.356922309542517,21.43985653211684,0.9847800135612488
div2k,0843.png,1,0.075,2040,1356,0.022042917461970037,36.24618006811865,0.954849123954773,0.02134861797094345,0.0791739225387573,7.6019669479480605,22.68831233541643,0.9873325824737548
div2k,0843.png,2,0.1,2040,1356,0.01782057955925733,37.42326838763609,0.9600592851638794,0.014981868676841259,0.0687713623046875,7.775848288328313,23.86540065493387,0.9897424578666688
div2k,0843.png,3,0.125,2040,1356,0.034108392619584704,36.90301266174908,0.9545417428016664,0.0149614242836833,0.0608330368995666,7.793825006956041,23.345144929046864,0.9900839328765868
div2k,0843.png,4,0.15,2040,1356,0.04019318641911042,38.312627403254176,0.9624277353286744,0.012120101600885391,0.0574995875358581,7.74956516174162,24.75475967055196,0.9914648532867432
div2k,0844.png,0,0.05,1356,2040,0.01850309445312048,33.77209419966258,0.9422772526741028,0.04911148548126221,0.0601150393486022,6.058610360362785,31.73413543501169,0.9557993412017822
div2k,0844.png,1,0.075,1356,2040,0.024692000694082943,35.3546409344254,0.9498261213302612,0.03613516688346863,0.0506215691566467,5.993583063908426,33.3166821697745,0.9658756256103516
div2k,0844.png,2,0.1,1356,2040,0.030973451327433628,35.932683877219176,0.9544583559036256,0.029487572610378265,0.0448241829872131,5.929541396397215,33.894725112568274,0.9721642136573792
div2k,0844.png,3,0.125,1356,2040,0.03771762392272543,36.77603565678816,0.957380473613739,0.02517431043088436,0.0399435758590698,5.889960030103894,34.738076892137265,0.9763153195381165
div2k,0844.png,4,0.15,1356,2040,0.04349008039794089,37.16650369995505,0.9597437977790833,0.022363681346178055,0.034559428691864,5.844422968762923,35.12854493530416,0.9789444804191588
div2k,0845.png,0,0.05,2040,1356,0.06568916652206605,24.308909446825098,0.7185466289520264,0.08316470682621002,0.1140910983085632,3.607592386864438,20.871839542465302,0.926671266555786
div2k,0845.png,1,0.075,2040,1356,0.09426224767193013,25.58579469921841,0.757872462272644,0.06237465515732765,0.0903844237327575,3.647748514636554,22.148724794858623,0.9424142837524414
div2k,0845.png,2,0.1,2040,1356,0.12540343571056742,26.38301298486524,0.7758737206459045,0.053563423454761505,0.0805973410606384,3.647604908591003,22.94594308050545,0.9488934874534608
div2k,0845.png,3,0.125,2040,1356,0.15175545144311411,27.004771324304457,0.7883211374282837,0.04731167107820511,0.0716962814331054,3.6370116261660983,23.56770141994467,0.9535255432128906
div2k,0845.png,4,0.15,2040,1356,0.18416912487708947,27.489070136173357,0.7957884073257446,0.04365042224526405,0.0635199546813964,3.6608694317205206,24.052000231813565,0.9564754366874696
div2k,0846.png,0,0.05,2040,1368,0.059631922944616444,25.935707638101817,0.7368265986442566,0.08408106863498688,0.1484394073486328,2.5164676277090616,22.238554581318372,0.9240867495536804
div2k,0846.png,1,0.075,2040,1368,0.08255360623781677,27.19335933652541,0.778319239616394,0.06240878254175186,0.1186378002166748,2.5764766606348006,23.49620627974197,0.9432849884033204
div2k,0846.png,2,0.1,2040,1368,0.10492489393418186,28.06060946444518,0.8045701384544373,0.051179662346839905,0.1011233329772949,2.654445021171999,24.363456407661737,0.953970193862915
div2k,0846.png,3,0.125,2040,1368,0.12830524022474488,28.80282428729049,0.8252103924751282,0.04281160980463028,0.0864096283912658,2.6533983326405255,25.10567123050705,0.9611456990242004
div2k,0846.png,4,0.15,2040,1368,0.15725834193326454,29.40137564884416,0.8424981236457825,0.036663271486759186,0.0770766139030456,2.6407128943867018,25.70422259206071,0.966677188873291
div2k,0847.png,0,0.05,1356,2040,0.059488692232055065,25.240489403915905,0.6919259428977966,0.10900513827800751,0.0838372111320495,2.5332234502772635,20.32114646123876,0.8858183026313782
div2k,0847.png,1,0.075,1356,2040,0.08845508704956909,26.49222104877639,0.737509548664093,0.08115449547767639,0.0629728436470031,2.491583862248299,21.57287810609925,0.911246120929718
div2k,0847.png,2,0.1,1356,2040,0.11699346405228758,27.37573167556824,0.7677282094955444,0.06708217412233353,0.0544230937957763,2.489404503023337,22.4563887328911,0.9259173274040222
div2k,0847.png,3,0.125,1356,2040,0.1459945630169472,28.099569718360875,0.7902690172195435,0.05726417899131775,0.0444222092628479,2.4972418756926205,23.18022677568374,0.9364537596702576
div2k,0847.png,4,0.15,1356,2040,0.1754468158944994,28.675934484018835,0.8079603910446167,0.05041994899511337,0.0382783412933349,2.456504060830961,23.75659154134169,0.9447117447853088
div2k,0848.png,0,0.05,2040,1536,0.04631842320261438,25.35295167415245,0.5926887392997742,0.09740999341011047,0.0512101650238037,3.225854339246561,19.138295088919232,0.8720330595970154
div2k,0848.png,1,0.075,2040,1536,0.06645731209150327,26.252949777755514,0.6140454411506653,0.076628677546978,0.0406097769737243,3.1899822523261467,20.0382931925223,0.8882028460502625
div2k,0848.png,2,0.1,2040,1536,0.08727022058823529,26.89945757679721,0.6306368112564087,0.06531902402639389,0.0351293087005615,3.1747071375206044,20.684800991564,0.8992176055908203
div2k,0848.png,3,0.125,2040,1536,0.10910437091503268,27.3790653750208,0.6436416506767273,0.05768430233001709,0.032181978225708,3.246540398653146,21.16440878978758,0.9079570770263672
div2k,0848.png,4,0.15,2040,1536,0.13164317810457515,27.754923579524228,0.6534221768379211,0.05079326406121254,0.0294681191444396,3.1563857665323987,21.540266994291013,0.9139956831932068
div2k,0849.png,0,0.05,2040,1356,0.14118225461275954,21.137523096033235,0.6336819529533386,0.1458946317434311,0.139249563217163,2.398551544628797,15.107190430289048,0.8843903541564941
div2k,0849.png,1,0.075,2040,1356,0.2128925906645844,22.59685119378656,0.7051520943641663,0.10523122549057007,0.1223911643028259,2.433676586587526,16.566518528042373,0.9200210571289062
div2k,0849.png,2,0.1,2040,1356,0.28161837006188906,23.66246013713429,0.7533406019210815,0.0830828920006752,0.1091307997703552,2.4016427391282886,17.6321274713901,0.939477264881134
div2k,0849.png,3,0.125,2040,1356,0.3479379952570999,24.50838724447013,0.7879113554954529,0.06855692714452744,0.0968433022499084,2.397635716078713,18.478054578725946,0.9515941739082336
div2k,0849.png,4,0.15,2040,1356,0.41063682110012145,25.17409647087387,0.8128384947776794,0.05859407037496567,0.0876618027687072,2.4515362152836375,19.143763805129684,0.9596112370491028
div2k,0850.png,0,0.05,2040,1356,0.048175140262594715,26.205232304316493,0.7091875076293945,0.11642789095640182,0.0844632387161254,2.578313642713746,19.96603833234422,0.880415141582489
div2k,0850.png,1,0.075,2040,1356,0.0720400254497079,27.36829197789804,0.746597170829773,0.08786793053150177,0.0646338462829589,2.5597742908110592,21.12909800592577,0.9076035022735596
div2k,0850.png,2,0.1,2040,1356,0.096691537972121,28.26047824223577,0.7745549082756042,0.07252053916454315,0.05261892080307,2.549849897976103,22.021284270263493,0.9243872165679932
div2k,0850.png,3,0.125,2040,1356,0.12266180808606629,28.994187812318888,0.7961872816085815,0.06162770092487335,0.0442957878112793,2.5232346715840444,22.754993840346614,0.9359439015388488
div2k,0850.png,4,0.15,2040,1356,0.1496384984672335,29.62901046311459,0.8140555620193481,0.05333240330219269,0.0407667160034179,2.5462981694877302,23.38981649114232,0.9446105360984802
div2k,0851.png,0,0.05,2040,1344,0.04513888888888889,26.6288348107784,0.7664007544517517,0.07090083509683609,0.1123924255371093,3.776092863772874,18.486458096676092,0.9352412223815918
div2k,0851.png,1,0.075,2040,1344,0.06515522875816994,27.92207225364148,0.8002697825431824,0.052783966064453125,0.0859135389328002,3.836007580624695,19.779695539539173,0.9486713409423828
div2k,0851.png,2,0.1,2040,1344,0.08469304388422036,28.911033020649125,0.812727153301239,0.04241084307432175,0.0710276961326599,3.8545751551842296,20.768656306546816,0.9539281725883484
div2k,0851.png,3,0.125,2040,1344,0.10118464052287582,29.65638624866913,0.8276591897010803,0.03644610568881035,0.0630528926849365,3.8594534883548066,21.514009534566817,0.9591465592384338
div2k,0851.png,4,0.15,2040,1344,0.11838818860877684,30.26346815156256,0.8305100202560425,0.03215138614177704,0.0553764104843139,3.853331312321944,22.121091437460247,0.9608259201049804
div2k,0852.png,0,0.05,2040,1152,0.03291802832244009,26.606424588898463,0.6312901377677917,0.1638132929801941,0.1398199200630188,2.537058932098692,6.994284108090538,0.8391160368919373
div2k,0852.png,1,0.075,2040,1152,0.05723720043572985,27.66782258154468,0.6798354983329773,0.12701912224292755,0.1121523976325988,2.3564073082764994,8.055682100736751,0.8805449604988098
div2k,0852.png,2,0.1,2040,1152,0.08363970588235294,28.530798421419984,0.7149802446365356,0.1040734350681305,0.0981727242469787,2.3531722775100308,8.918657940612057,0.9047896265983582
div2k,0852.png,3,0.125,2040,1152,0.11168981481481481,29.25352544961939,0.746528148651123,0.08746231347322464,0.0910242795944213,2.3321382758179894,9.641384968811463,0.9224813580513
div2k,0852.png,4,0.15,2040,1152,0.13903186274509804,29.835241864427232,0.7694114446640015,0.07842972874641418,0.0816590785980224,2.3975913816737786,10.223101383619309,0.9335777163505554
div2k,0853.png,0,0.05,2040,1356,0.0330325640580716,29.10014936272395,0.8207844495773315,0.08802082389593124,0.0642703175544738,4.056114360663924,20.075281423763,0.9172921776771544
div2k,0853.png,1,0.075,2040,1356,0.049297241020301925,30.25604529148504,0.834815502166748,0.0715547725558281,0.0539984703063964,3.987886085197923,21.23117735252409,0.9314877390861512
div2k,0853.png,2,0.1,2040,1356,0.059754757360171204,31.012685702677324,0.840813934803009,0.06181023642420769,0.0457470417022705,3.8751815576614503,21.98781776371637,0.9384803771972656
div2k,0853.png,3,0.125,2040,1356,0.07184336861588293,31.67609723162361,0.8504465222358704,0.05490991473197937,0.0422940850257873,3.8752603904216225,22.65122929266267,0.9430270195007324
div2k,0853.png,4,0.15,2040,1356,0.08748337092949274,32.15828796907543,0.8547167778015137,0.04995580017566681,0.0410777330398559,3.8229650175717977,23.13342003011449,0.946439266204834
div2k,0854.png,0,0.05,2040,1068,0.06429463171036205,23.09609568432756,0.6181440949440002,0.12334641069173813,0.1027383208274841,1.766014361858349,18.353616508654085,0.8662983775138855
div2k,0854.png,1,0.075,2040,1068,0.10248219137842403,24.243493615789724,0.6692896485328674,0.09322197735309601,0.0813915729522705,1.7568848351899156,19.50101444011625,0.900185763835907
div2k,0854.png,2,0.1,2040,1068,0.14272600425938164,25.14110390226901,0.7084974646568298,0.07469688355922699,0.0733634233474731,1.7127583420007861,20.39862472659554,0.9210104942321776
div2k,0854.png,3,0.125,2040,1068,0.18489388264669163,25.84156769389942,0.7385712265968323,0.0621962696313858,0.0670093894004821,1.7042349271146837,21.09908851822595,0.9346795082092284
div2k,0854.png,4,0.15,2040,1068,0.22535800837188807,26.425251067358385,0.7627995014190674,0.05442948639392853,0.0573809146881103,1.7066968522181014,21.682771891684908,0.944274365901947
div2k,0855.png,0,0.05,2040,2040,0.03577470203767782,26.39869979754932,0.5946395993232727,0.1384778916835785,0.0896218419075012,2.9974065053273855,20.677286794547555,0.8617785573005676
div2k,0855.png,1,0.075,2040,2040,0.054029219530949635,27.356269379503495,0.6301956176757812,0.10872863233089447,0.0751847028732299,2.9364271098444625,21.63485637650173,0.8902842402458191
div2k,0855.png,2,0.1,2040,2040,0.07387543252595155,28.06688413333333,0.6555079221725464,0.09046865999698639,0.0697969198226928,2.9057127339985924,22.345471130331568,0.9075284004211426
div2k,0855.png,3,0.125,2040,2040,0.09548250672818147,28.64496959811977,0.6749738454818726,0.07964196801185608,0.0656921863555908,2.874320721663997,22.923556595118008,0.9193461537361144
div2k,0855.png,4,0.15,2040,2040,0.11645136485966935,29.093876520493648,0.6898835301399231,0.0713222324848175,0.0613254904747009,2.8857507354111664,23.372463517491884,0.9271603226661682
div2k,0856.png,0,0.05,2040,1356,0.0870090809185031,21.42891203247388,0.4742650687694549,0.23584049940109253,0.1233657002449035,2.3087857880329836,9.750795628383017,0.730785608291626
div2k,0856.png,1,0.075,2040,1356,0.1421424026837874,22.37963921159348,0.5411856770515442,0.18380048871040344,0.1018807888031005,2.195824460240289,10.701522807502617,0.7981849312782288
div2k,0856.png,2,0.1,2040,1356,0.1995546301116317,23.108476946564338,0.5939695239067078,0.1541205197572708,0.0900573134422302,2.158769718909749,11.430360542473473,0.8385185599327087
div2k,0856.png,3,0.125,2040,1356,0.25764937243333913,23.67635245145056,0.6342403292655945,0.1333244889974594,0.0803680419921875,2.0822346027565177,11.998236047359695,0.8652138113975525
div2k,0856.png,4,0.15,2040,1356,0.31309503152293366,24.118179653056544,0.6639776825904846,0.12150266766548157,0.0759823322296142,2.098280825189106,12.44006324896568,0.8823018670082092
div2k,0857.png,0,0.05,2040,1416,0.020610391049074996,30.656325351697333,0.6726736426353455,0.09566637128591537,0.0704064965248107,8.114521391647594,25.12994876312956,0.919955551624298
div2k,0857.png,1,0.075,2040,1416,0.030336767475351724,31.211872130147217,0.6766725182533264,0.07977250963449478,0.0555843114852905,8.11815685754271,25.68549554157944,0.9289502501487732
div2k,0857.png,2,0.1,2040,1416,0.03777002326354271,31.507291331958683,0.6783574223518372,0.07225872576236725,0.048067033290863,8.281802567122357,25.98091474339091,0.9337438941001892
div2k,0857.png,3,0.125,2040,1416,0.0439071673867287,31.683301506518283,0.6784859895706177,0.0660305991768837,0.042924165725708,8.400508211192442,26.156924917950512,0.9369527697563172
div2k,0857.png,4,0.15,2040,1416,0.04780658025922233,31.74854953694673,0.6769281029701233,0.06051284819841385,0.0401249527931213,8.406101610935798,26.22217294837895,0.9386889338493348
div2k,0858.png,0,0.05,2040,1356,0.04927410492220487,24.63073277646238,0.524420976638794,0.18277250230312347,0.1147452592849731,2.451539692654627,13.05139797392853,0.793042004108429
div2k,0858.png,1,0.075,2040,1356,0.08501937648215628,25.74533202884004,0.5891483426094055,0.13994386792182922,0.0955495238304138,2.3600645684844626,14.16599722630619,0.8501871228218079
div2k,0858.png,2,0.1,2040,1356,0.12400370177569553,26.65038955501148,0.6404542326927185,0.11386693269014359,0.0824760794639587,2.330093871702195,15.071054752477629,0.8841198086738586
div2k,0858.png,3,0.125,2040,1356,0.16522066053560067,27.429207711911808,0.6828005313873291,0.09637721627950668,0.0725001096725463,2.2538665119913213,15.84987290937796,0.9066905975341796
div2k,0858.png,4,0.15,2040,1356,0.20658800393313667,28.072747772466737,0.7154747843742371,0.08398658782243729,0.0663046836853027,2.240163330183022,16.49341296993289,0.9217524528503418
div2k,0859.png,0,0.05,2040,1356,0.06557348603158078,22.80124673921284,0.5032567977905273,0.1648077666759491,0.1455455422401428,2.4674075423434316,18.486607378206717,0.8034529685974121
div2k,0859.png,1,0.075,2040,1356,0.11181097807854705,23.965104420520067,0.5744776129722595,0.12938880920410156,0.1195072531700134,2.3977995941440997,19.650465059513945,0.8569121956825256
div2k,0859.png,2,0.1,2040,1356,0.16223610388108045,24.879122968107865,0.6288354992866516,0.10656000673770905,0.1065343022346496,2.3444171687879485,20.56448360710174,0.8881052136421204
div2k,0859.png,3,0.125,2040,1356,0.2146625021690092,25.63994786405909,0.6729731559753418,0.09182912111282349,0.0983611941337585,2.339592818069289,21.32530850305297,0.9094223976135254
div2k,0859.png,4,0.15,2040,1356,0.2670773324078894,26.27040614600867,0.7070412039756775,0.08001898974180222,0.0863527655601501,2.343267742008577,21.955766785002545,0.92374986410141
div2k,0860.png,0,0.05,2040,1536,0.12711907679738563,19.90848710126603,0.5429115295410156,0.18343320488929749,0.0835132598876953,1.8718114331191698,12.907017090188424,0.8287943005561829
div2k,0860.png,1,0.075,2040,1536,0.220327818627451,21.465039705549792,0.6679690480232239,0.13724341988563538,0.060379683971405,2.05514974843085,14.463569694472184,0.8941619992256165
div2k,0860.png,2,0.1,2040,1536,0.30266033496732025,22.541571092718137,0.737087607383728,0.10939604043960571,0.0517534613609313,2.06068897002989,15.540101081640527,0.923819065093994
div2k,0860.png,3,0.125,2040,1536,0.37587316176470587,23.35033437186109,0.7808100581169128,0.09253868460655212,0.0457783937454223,2.095491837432919,16.348864360783487,0.9407148361206056
div2k,0860.png,4,0.15,2040,1536,0.44126327614379085,23.97321646626508,0.809913694858551,0.08151108026504517,0.0417238473892211,2.132036814418324,16.97174645518747,0.9510026574134828
div2k,0861.png,0,0.05,2040,1356,0.09013245416160565,22.64304266226536,0.6532077193260193,0.13863928616046906,0.1004897356033325,2.562707836973462,14.97779300922983,0.8760932087898254
div2k,0861.png,1,0.075,2040,1356,0.142396899762855,24.101902319290005,0.7198928594589233,0.10057272762060165,0.0720651149749755,2.782268391085542,16.43665266625447,0.9175915718078612
div2k,0861.png,2,0.1,2040,1356,0.19296084215397075,25.18157670062155,0.7644014954566956,0.07924976944923401,0.0585730671882629,2.970196390944106,17.51632704758602,0.9385411143302916
div2k,0861.png,3,0.125,2040,1356,0.24162762450112787,26.01008449950225,0.7956904768943787,0.06596755981445312,0.0526182651519775,3.074237198006103,18.34483484646672,0.9511803984642028
div2k,0861.png,4,0.15,2040,1356,0.2890334895019955,26.657045683171415,0.8182362914085388,0.05671892687678337,0.0458869934082031,3.1071287635134848,18.991796030135884,0.9593253135681152
div2k,0862.png,0,0.05,2040,1356,0.018537798600266064,29.020507594550256,0.6988778114318848,0.10392650961875916,0.0885323286056518,3.8731777434392325,24.75632201297017,0.8821895122528076
div2k,0862.png,1,0.075,2040,1356,0.028254959801029555,29.874323223020077,0.719713568687439,0.08595110476016998,0.0732114315032959,3.8541069866822633,25.610137641439984,0.9062703251838684
div2k,0862.png,2,0.1,2040,1356,0.03933715078951935,30.532703937919354,0.7359828352928162,0.07404310256242752,0.0597070455551147,3.9121080543891336,26.268518356339268,0.9207234382629396
div2k,0862.png,3,0.125,2040,1356,0.05223552547862803,31.0724145994064,0.7483652830123901,0.06593784689903259,0.0574681162834167,3.921994166257946,26.808229017826307,0.9306867718696594
div2k,0862.png,4,0.15,2040,1356,0.06369946208571925,31.46264300115052,0.7563661336898804,0.059662606567144394,0.0473071336746215,3.924223864737186,27.198457419570428,0.937225878238678
div2k,0863.png,0,0.05,1500,2040,0.029411764705882353,28.565865036610106,0.7897423505783081,0.07963861525058746,0.0748665332794189,3.6880889902136227,24.437236913195356,0.920194447040558
div2k,0863.png,1,0.075,1500,2040,0.0419921568627451,29.57777244891425,0.8096328377723694,0.06157326325774193,0.059030532836914,3.7947882246072866,25.4491443254995,0.936628520488739
div2k,0863.png,2,0.1,1500,2040,0.05583790849673203,30.27650510354266,0.8253046870231628,0.05076693743467331,0.0504122376441955,3.7935074014833208,26.147876980127908,0.9470041394233704
div2k,0863.png,3,0.125,1500,2040,0.07037385620915032,30.96054952219801,0.8390748500823975,0.04400385916233063,0.0435629487037658,3.844180182258187,26.831921398783265,0.9548794627189636
div2k,0863.png,4,0.15,1500,2040,0.08510849673202614,31.50833846000047,0.8511700630187988,0.03871268033981323,0.0398428440093994,3.824950297740498,27.379710336585724,0.9606480598449708
div2k,0864.png,0,0.05,2040,1356,0.04250679622881601,26.32823900668462,0.6040534973144531,0.15847247838974,0.103966474533081,2.60954067850595,17.10478602687565,0.8346090316772461
div2k,0864.png,1,0.075,2040,1356,0.0664526577592689,27.416216715139555,0.6583546996116638,0.12322457134723663,0.0876709818840026,2.5773865684193153,18.192763735330587,0.8780646324157715
div2k,0864.png,2,0.1,2040,1356,0.0918098212736422,28.293179675401603,0.7006044387817383,0.10068988800048828,0.0755412578582763,2.519238538423084,19.069726695592635,0.9052942395210266
div2k,0864.png,3,0.125,2040,1356,0.1191104170281682,29.02585772707311,0.7346218824386597,0.08539889007806778,0.0685386657714843,2.428729200001157,19.802404747264145,0.9236375689506532
div2k,0864.png,4,0.15,2040,1356,0.14726704841228527,29.641885672075816,0.7615303993225098,0.07528220117092133,0.0604673027992248,2.405953943984692,20.41843269226685,0.936382293701172
div2k,0865.png,0,0.05,2040,1536,0.041140727124183006,25.053742692794103,0.6368347406387329,0.15457725524902344,0.1009440422058105,2.4835694347718,19.38397101312473,0.8476199507713318
div2k,0865.png,1,0.075,2040,1536,0.06641646241830065,26.09998149504377,0.6832277178764343,0.1189262717962265,0.0869258642196655,2.4234256651033066,20.4302098153744,0.8861233592033386
div2k,0865.png,2,0.1,2040,1536,0.0959405637254902,26.9612930529848,0.7216532230377197,0.09681694954633713,0.074542760848999,2.426061896116208,21.291521373315422,0.9109490513801576
div2k,0865.png,3,0.125,2040,1536,0.12851817810457516,27.73871193019541,0.7541596293449402,0.08243029564619064,0.0615633726119995,2.362528262658019,22.06894025052604,0.9284178614616394
div2k,0865.png,4,0.15,2040,1536,0.16097324346405228,28.36197598737531,0.7797363996505737,0.07241826504468918,0.0574641227722168,2.3482443734804788,22.692204307705936,0.9399431347846984
div2k,0866.png,0,0.05,1356,2040,0.07101046908438892,22.992399074550693,0.6674911975860596,0.14969298243522644,0.0873000025749206,2.7068268052936117,17.972220886055347,0.8619783520698547
div2k,0866.png,1,0.075,1356,2040,0.12017467754063277,24.335057486894343,0.7378268837928772,0.11649847775697708,0.0772706270217895,2.7062306047264726,19.314879298399,0.9075185656547546
div2k,0866.png,2,0.1,1356,2040,0.16588003933136677,25.30709629103269,0.7806465029716492,0.09647253155708313,0.0665090680122375,2.75805685321797,20.286918102537346,0.9298081398010254
div2k,0866.png,3,0.125,1356,2040,0.2077101046908439,26.03581704803824,0.8085516095161438,0.0825500637292862,0.0561020374298095,2.6898709656108126,21.015638859542896,0.9429501891136168
div2k,0866.png,4,0.15,1356,2040,0.24476256579327896,26.577032979622302,0.8270484209060669,0.0730699747800827,0.049442172050476,2.690317286248093,21.556854791126952,0.951130211353302
div2k,0867.png,0,0.05,1356,2040,0.06757475851697611,25.416396065873627,0.7331318259239197,0.10813960433006287,0.0868275165557861,2.8028907401677627,18.22368061259681,0.904123604297638
div2k,0867.png,1,0.075,1356,2040,0.09773266238648852,26.74603358978577,0.7767738103866577,0.07851852476596832,0.065830647945404,2.789541488638881,19.553318136508963,0.929083526134491
div2k,0867.png,2,0.1,1356,2040,0.12761293307883625,27.79305780725981,0.8069149851799011,0.06151575967669487,0.0540575385093688,2.738272890379546,20.600342353983,0.9433875679969788
div2k,0867.png,3,0.125,1356,2040,0.1572155705940193,28.57658724195997,0.8274033665657043,0.05158000439405441,0.0486247539520263,2.7921719670080236,21.38387178868316,0.9523606300354004
div2k,0867.png,4,0.15,1356,2040,0.1865405749320377,29.220419655376595,0.84317547082901,0.04408101737499237,0.0419573783874511,2.770630079321275,22.027704202099784,0.9585750699043274
div2k,0868.png,0,0.05,2040,1356,0.042923245994563014,29.87559747083449,0.9349386096000672,0.028509968891739845,0.0846103429794311,4.3924913080982035,28.14913687818736,0.979716956615448
div2k,0868.png,1,0.075,2040,1356,0.02908785933252357,31.15742376178,0.9439496397972108,0.02029593288898468,0.0725492238998413,4.403167651495641,29.430963169132852,0.9851955771446228
div2k,0868.png,2,0.1,2040,1356,0.03697726878361964,30.632198790266045,0.9507081508636476,0.01845075562596321,0.0618326663970947,4.393576169671979,28.905738197618906,0.9876959919929504
div2k,0868.png,3,0.125,2040,1356,0.04603505118861704,32.07621983591575,0.9556430578231812,0.015581974759697914,0.0578123331069946,4.301695811443722,30.349759243268608,0.9896479249000548
div2k,0868.png,4,0.15,2040,1356,0.05729076291283475,33.03759791670652,0.9599087834358216,0.012603895738720894,0.0557972192764282,4.392857680324495,31.311137324059377,0.9907674789428712
div2k,0869.png,0,0.05,1356,2040,0.06339869281045751,23.421903713248188,0.7361233830451965,0.10425280779600143,0.0795778632164001,2.6133193997296216,17.901201331778303,0.8999807834625244
div2k,0869.png,1,0.075,1356,2040,0.10106426051246457,24.80428464685815,0.792585015296936,0.07967488467693329,0.0655196905136108,2.6164790954870445,19.28358226538827,0.931445062160492
div2k,0869.png,2,0.1,1356,2040,0.13704089305338654,25.76947251854531,0.8273571133613586,0.06520360708236694,0.0559748411178588,2.6279359386416887,20.248770137075425,0.9479198455810548
div2k,0869.png,3,0.125,1356,2040,0.17182601654231014,26.499738790371573,0.8512460589408875,0.056614309549331665,0.0536864399909973,2.623219897729425,20.97903640890169,0.9577012658119202
div2k,0869.png,4,0.15,1356,2040,0.20437850656486783,27.10521603809592,0.868353009223938,0.0498962327837944,0.0491417050361633,2.63126733711952,21.58451365662603,0.9642239212989808
div2k,0870.png,0,0.05,2040,1572,0.07269869779973058,24.398168367304777,0.6450442671775818,0.15715771913528442,0.1078211665153503,3.199791581709968,16.766797369768618,0.8522920608520508
div2k,0870.png,1,0.075,2040,1572,0.11119592875318066,25.82215027551052,0.7125222682952881,0.11630575358867645,0.0885392427444458,3.099591931727084,18.19077927797436,0.8976495862007141
div2k,0870.png,2,0.1,2040,1572,0.14905453275457767,26.898098655534294,0.7572610974311829,0.09317593276500702,0.0736076235771179,3.0624055382853754,19.26672765799814,0.9224669337272644
div2k,0870.png,3,0.125,2040,1572,0.18650401636481564,27.765435843602503,0.7895835041999817,0.07758636772632599,0.0645334720611572,3.0221974690618914,20.13406484606634,0.9381277561187744
div2k,0870.png,4,0.15,2040,1572,0.22161852018160955,28.46342992182384,0.8126422166824341,0.06820765137672424,0.0586903095245361,3.0410136945607733,20.83205892428768,0.948174774646759
div2k,0871.png,0,0.05,2040,1356,0.0514373300942796,27.129541411434037,0.7660008072853088,0.11929897218942642,0.0738586783409118,2.859320709190084,21.618171829354196,0.8976383805274963
div2k,0871.png,1,0.075,2040,1356,0.07456186014228701,28.363215862041766,0.7999796867370605,0.08969002962112427,0.0592148900032043,2.7541224807695106,22.85184627996193,0.9230993390083312
div2k,0871.png,2,0.1,2040,1356,0.09772109433743999,29.316643998140336,0.8249592185020447,0.07154271006584167,0.049220860004425,2.759544693100735,23.8052744160605,0.9390942454338074
div2k,0871.png,3,0.125,2040,1356,0.1220024292903002,30.127917874357347,0.8450525403022766,0.059922173619270325,0.0407652258872985,2.713178908650019,24.61654829227751,0.9502670764923096
div2k,0871.png,4,0.15,2040,1356,0.14490716640638557,30.74901350660552,0.8601179122924805,0.05190644785761833,0.0372349023818969,2.6922724991319944,25.237643924525685,0.957286775112152
div2k,0872.png,0,0.05,2040,1356,0.0784487246225924,22.088426176992694,0.5248464941978455,0.1534469723701477,0.0796617269515991,2.0118430200049087,17.006828167993785,0.8188988566398621
div2k,0872.png,1,0.075,2040,1356,0.1306553299785991,23.26901582373632,0.5925681591033936,0.11673784255981445,0.0682612657546997,1.94699593911836,18.187417814737408,0.8656210899353027
div2k,0872.png,2,0.1,2040,1356,0.18546474637052462,24.18564143626977,0.6442150473594666,0.09465128928422928,0.0598858594894409,1.9339159468069311,19.10404342727085,0.8943891525268555
div2k,0872.png,3,0.125,2040,1356,0.2409219735091677,24.921767800239287,0.685343325138092,0.08116701245307922,0.0561989545822143,1.894370602836057,19.840169791240378,0.9146298766136168
div2k,0872.png,4,0.15,2040,1356,0.29501417086008447,25.523100982379493,0.7177889347076416,0.07044832408428192,0.0530470609664917,1.8527351629179851,20.44150297338058,0.928458034992218
div2k,0873.png,0,0.05,2040,1356,0.08313378448724623,22.652822721364192,0.6353691220283508,0.14101961255073547,0.1579594016075134,1.9698793547078854,16.640020502492455,0.8602153658866882
div2k,0873.png,1,0.075,2040,1356,0.13476198739082654,24.021585982408297,0.7091112732887268,0.10063531249761581,0.1285565495491027,2.0423617847685174,18.008783763536563,0.9048855900764464
div2k,0873.png,2,0.1,2040,1356,0.18706113713922148,25.056108438148456,0.7595422267913818,0.07814586907625198,0.1066591739654541,2.1553660511486075,19.04330621927672,0.9287571310997008
div2k,0873.png,3,0.125,2040,1356,0.23859679565041356,25.889999445452112,0.7953277826309204,0.0645371824502945,0.0951012372970581,2.231487342272574,19.87719722658037,0.9435429573059082
div2k,0873.png,4,0.15,2040,1356,0.2875527792237839,26.547060904390985,0.8211745619773865,0.05471257120370865,0.0817159414291381,2.219451914454221,20.534258685519248,0.9529936909675598
div2k,0874.png,0,0.05,2040,1356,0.038909132974723815,26.498203797658487,0.6206398606300354,0.14949892461299896,0.0967316627502441,2.117071409537122,21.98280757151636,0.8257796764373779
div2k,0874.png,1,0.075,2040,1356,0.06013650297877263,27.46533448716547,0.6594140529632568,0.11666323244571686,0.0790556073188781,2.030410121577225,22.949938261023345,0.8630005717277527
div2k,0874.png,2,0.1,2040,1356,0.08367748279252704,28.241556707395944,0.6929669976234436,0.09623292833566666,0.0715051293373107,1.9128345387162506,23.726160481253817,0.8891173005104065
div2k,0874.png,3,0.125,2040,1356,0.11055006073225751,28.9274580397194,0.7208744883537292,0.08216799795627594,0.0629461407661438,1.9191991527412726,24.412061813577274,0.9086043238639832
div2k,0874.png,4,0.15,2040,1356,0.13820926600728786,29.48690301756433,0.7444483041763306,0.07211294770240784,0.0571568608283996,1.8200659832519475,24.97150679142221,0.921959638595581
div2k,0875.png,0,0.05,2040,1536,0.07979473039215686,22.269633337584228,0.5146040916442871,0.1625998616218567,0.1094181537628173,2.3896028873988757,14.00143139913602,0.8190496563911438
div2k,0875.png,1,0.075,2040,1536,0.1308874591503268,23.533085816044093,0.598335325717926,0.11742771416902542,0.0837189555168151,2.3200980568015765,15.264883877595883,0.8717894554138184
div2k,0875.png,2,0.1,2040,1536,0.18551368464052287,24.57681055957672,0.6612735390663147,0.09278978407382965,0.0696128606796264,2.3471990035839725,16.308608621128514,0.903040885925293
div2k,0875.png,3,0.125,2040,1536,0.2409875408496732,25.43816950514961,0.709976077079773,0.07695533335208893,0.0604339241981506,2.354470011596215,17.169967566701402,0.92317396402359
div2k,0875.png,4,0.15,2040,1536,0.2951950571895425,26.127581853375325,0.7458993196487427,0.06553248316049576,0.0564327836036682,2.351760844196692,17.859379914927118,0.9363959431648254
div2k,0876.png,0,0.05,2040,1356,0.0762160911562265,20.930081186055038,0.4321727752685547,0.19213835895061493,0.1384506225585937,1.8667995581009733,8.739778709535733,0.765129804611206
div2k,0876.png,1,0.075,2040,1356,0.14245474000809763,22.12695623310808,0.5348436832427979,0.14691072702407837,0.1112207174301147,1.7295611208265032,9.936653756588774,0.8413673043251038
div2k,0876.png,2,0.1,2040,1356,0.2128810226155359,23.073127367107794,0.6109004020690918,0.12062890827655792,0.0936576724052429,1.7581789111988242,10.882824890588491,0.8839899897575378
div2k,0876.png,3,0.125,2040,1356,0.2836080744982359,23.82373757679123,0.6678992509841919,0.10128182917833328,0.0806918740272522,1.9097073323553029,11.63343510027193,0.9107452034950256
div2k,0876.png,4,0.15,2040,1356,0.3495459540748453,24.40108678320197,0.7079196572303772,0.08985379338264465,0.0750396251678466,2.074662049802936,12.210784306682667,0.926831066608429
div2k,0877.png,0,0.05,2040,1152,0.03241421568627451,32.46159597218706,0.8958708047866821,0.08972299098968506,0.1355675458908081,5.243489065929904,19.305072247452348,0.938627302646637
div2k,0877.png,1,0.075,2040,1152,0.043484477124183005,33.74797828415473,0.9100430011749268,0.06637147068977356,0.1065796613693237,5.2922400140040855,20.591454559420026,0.9533984661102296
div2k,0877.png,2,0.1,2040,1152,0.05473175381263617,34.651571072797886,0.9188225269317628,0.052585504949092865,0.0928104519844055,5.2995912921417405,21.49504734806317,0.9619266986846924
div2k,0877.png,3,0.125,2040,1152,0.06604711328976035,35.41252448184835,0.9258630275726318,0.04462580382823944,0.0792456865310669,5.350906221683366,22.256000757113632,0.9678872227668762
div2k,0877.png,4,0.15,2040,1152,0.0766952614379085,35.93627786349566,0.9304247498512268,0.03813581168651581,0.0723053216934204,5.306668446522023,22.77975413876095,0.9717690348625184
div2k,0878.png,0,0.05,2040,1740,0.04846067162497183,27.52723238953928,0.7603369951248169,0.11047819256782532,0.0718228816986084,3.2323245493333763,22.91453931478497,0.9088347554206848
div2k,0878.png,1,0.075,2040,1740,0.06822177146720758,28.792598026465622,0.7962868213653564,0.08189572393894196,0.0590171813964843,3.1515174213068193,24.17990495171132,0.9332497119903564
div2k,0878.png,2,0.1,2040,1740,0.08700022537750733,29.682701234128675,0.8187142610549927,0.06665272265672684,0.0530784130096435,3.169767928986706,25.070008159374368,0.9463711380958556
div2k,0878.png,3,0.125,2040,1740,0.10662609871534821,30.407601497692657,0.8356484174728394,0.05638210475444794,0.0452051758766174,3.140684586699582,25.79490842293835,0.9554264545440674
div2k,0878.png,4,0.15,2040,1740,0.1258553076402975,30.973122075163705,0.8486156463623047,0.04820888489484787,0.0424606204032897,3.140728217491032,26.3604290004094,0.9615491032600404
div2k,0879.png,0,0.05,2040,1872,0.046476453829395005,26.116866675623985,0.8008379340171814,0.067722387611866,0.0922989845275878,3.0124920386764917,19.866742347372718,0.9329631924629213
div2k,0879.png,1,0.075,2040,1872,0.06602564102564103,27.369245473761744,0.8255800604820251,0.05005050450563431,0.0769641399383544,3.060841084577849,21.11912114551047,0.9469995498657228
div2k,0879.png,2,0.1,2040,1872,0.08883442265795206,28.45898757832359,0.8493977785110474,0.04000420123338699,0.0622570514678955,3.0860139493595127,22.20886325007232,0.9562446475028992
div2k,0879.png,3,0.125,2040,1872,0.1089031339031339,29.36800080959,0.8630709648132324,0.03312988951802254,0.0539280176162719,3.1331945769404905,23.11787648133873,0.9618956446647644
div2k,0879.png,4,0.15,2040,1872,0.13025389643036703,29.943630012067427,0.8742141127586365,0.029131866991519928,0.04678475856781,3.129985501270962,23.69350568381616,0.965732991695404
div2k,0880.png,0,0.05,1356,2040,0.03137833304413211,27.63158172844217,0.7972780466079712,0.08608948439359665,0.0994707942008972,3.57252337202737,21.2505908491445,0.922513484954834
div2k,0880.png,1,0.075,1356,2040,0.04771241830065359,28.86930865749637,0.8302651047706604,0.06597850471735,0.0814754962921142,3.5237461100254848,22.488317778198702,0.94521301984787
div2k,0880.png,2,0.1,1356,2040,0.06521487651107641,29.83524522218784,0.8532677888870239,0.055474549531936646,0.0712139010429382,3.509621291626724,23.454254342890174,0.9578606486320496
div2k,0880.png,3,0.125,1356,2040,0.08276360691769333,30.657011970853528,0.8709654808044434,0.04768946021795273,0.064456045627594,3.505879815683622,24.276021091555855,0.965799868106842
div2k,0880.png,4,0.15,1356,2040,0.1007056509919602,31.31000078524085,0.884921133518219,0.042128823697566986,0.0588488578796386,3.452998172240779,24.929009905943182,0.9712122082710266
div2k,0881.png,0,0.05,2040,1260,0.03884842826019297,24.760605266180825,0.6978511810302734,0.10405467450618744,0.1067854762077331,2.688721755390023,20.17304275565102,0.8688838481903076
div2k,0881.png,1,0.075,2040,1260,0.06453159041394335,25.7834578820147,0.737088143825531,0.07894786447286606,0.0959923267364502,2.6784165213342246,21.19589537148489,0.9023656845092772
div2k,0881.png,2,0.1,2040,1260,0.09384998443821974,26.658732661362663,0.7695058584213257,0.06466777622699738,0.0782594680786132,2.6145753843620656,22.071170150832856,0.9230121970176696
div2k,0881.png,3,0.125,2040,1260,0.12441332088390912,27.385324536462345,0.7951801419258118,0.05557883158326149,0.0735231637954711,2.5475892122769874,22.797762025932546,0.9373254776000975
div2k,0881.png,4,0.15,2040,1260,0.15528789293495177,27.99905214481061,0.8149414658546448,0.04925626143813133,0.0697839856147766,2.5754083994660077,23.411489634280805,0.9466026425361632
div2k,0882.png,0,0.05,2040,1356,0.03528833362253456,29.161647275794287,0.8742614388465881,0.0640353187918663,0.0588138103485107,4.248490476404306,23.439730780379765,0.9432328343391418
div2k,0882.png,1,0.075,2040,1356,0.04824454855688588,30.49736919023115,0.8886510729789734,0.04894448071718216,0.0499873757362365,4.138492695330335,24.77545269481663,0.955572783946991
div2k,0882.png,2,0.1,2040,1356,0.060495112499277,31.41183442424333,0.8982188105583191,0.040612298995256424,0.0447509884834289,4.1882598808683325,25.68991792882881,0.962554395198822
div2k,0882.png,3,0.125,2040,1356,0.07303487766788132,32.20282012056697,0.903833031654358,0.03508760407567024,0.0387516021728515,4.172872000258443,26.480903625152447,0.9669573307037354
div2k,0882.png,4,0.15,2040,1356,0.08510035282549598,32.76412220586963,0.9083317518234252,0.031054317951202393,0.0355299115180969,4.166802059161764,27.04220571045511,0.9699743390083312
div2k,0883.png,0,0.05,2040,1380,0.07509519749928957,23.186913978863245,0.5415294170379639,0.18521231412887573,0.1051552295684814,3.787933778552727,17.598917242098224,0.8119814395904541
div2k,0883.png,1,0.075,2040,1380,0.12359761295822677,24.547809498456434,0.627458930015564,0.1410212218761444,0.082501471042633,3.7945848458683784,18.959812761691413,0.8705127239227295
div2k,0883.png,2,0.1,2040,1380,0.17239556692242114,25.57342883316525,0.6843897104263306,0.11750109493732452,0.0711272954940795,3.780935542159179,19.985432096400228,0.9006137251853943
div2k,0883.png,3,0.125,2040,1380,0.2207843137254902,26.415406396880428,0.7279225587844849,0.10030391067266464,0.0656607747077941,3.8308541103980653,20.827409660115404,0.920254409313202
div2k,0883.png,4,0.15,2040,1380,0.266001705029838,27.075252798577942,0.7573075294494629,0.08742331713438034,0.0604335069656372,3.826911644045704,21.487256061812925,0.9319291114807128
div2k,0884.png,0,0.05,2040,1356,0.06831511365608191,23.81591102985001,0.5967310667037964,0.1448339968919754,0.1207573413848877,2.1176935177006966,16.65119001074034,0.8562429547309875
div2k,0884.png,1,0.075,2040,1356,0.10432645034414946,24.985071600771928,0.6625685691833496,0.10952585935592651,0.0989643335342407,2.100679308239222,17.820350581662257,0.8956261277198792
div2k,0884.png,2,0.1,2040,1356,0.14248944415524323,25.90046199130612,0.7100128531455994,0.08807630836963654,0.0808240175247192,2.029035589439203,18.73574097219645,0.9188792705535888
div2k,0884.png,3,0.125,2040,1356,0.1826884145988779,26.641360476991508,0.7449489831924438,0.07361477613449097,0.0684488415718078,1.978736392251983,19.47663945788184,0.9338345527648926
div2k,0884.png,4,0.15,2040,1356,0.22328069871016254,27.25850211247501,0.7720217108726501,0.06299414485692978,0.0584471225738525,1.900603021818284,20.093781093365344,0.944386661052704
div2k,0885.png,0,0.05,2040,1356,0.0702585458962346,21.769797542689133,0.5068424940109253,0.16432684659957886,0.1067405343055725,2.193935541834155,13.59324699362072,0.8170915246009827
div2k,0885.png,1,0.075,2040,1356,0.11786106773092718,22.69092543238552,0.5752023458480835,0.12571392953395844,0.0894314646720886,2.2157400832395395,14.5143748833171,0.8595545887947083
div2k,0885.png,2,0.1,2040,1356,0.17438255538203482,23.51125565010902,0.6327250599861145,0.10030001401901245,0.0754972696304321,2.270933895876026,15.334705101040608,0.8897222876548767
div2k,0885.png,3,0.125,2040,1356,0.23626004974261092,24.25743558090319,0.6812688708305359,0.08582429587841034,0.0689828991889953,2.2222397540573744,16.08088503183478,0.9110486507415771
div2k,0885.png,4,0.15,2040,1356,0.2980218636127017,24.86179252589266,0.7177496552467346,0.07593442499637604,0.0634346604347229,2.216895474624097,16.685241976824244,0.9251920580863952
div2k,0886.png,0,0.05,2040,1356,0.025640580716062237,30.36331000206438,0.8211789131164551,0.07173179090023041,0.0712587237358093,4.888372335731601,23.298515788292303,0.9379743933677672
div2k,0886.png,1,0.075,2040,1356,0.03474463531725375,31.47883483147385,0.8316769003868103,0.058075930923223495,0.0558557510375976,4.807157867552672,24.41404061770177,0.9481205344200134
div2k,0886.png,2,0.1,2040,1356,0.04361732893747469,32.19196627883767,0.8371249437332153,0.05098944902420044,0.0492101907730102,4.850709798148377,25.127172065065587,0.953585147857666
div2k,0886.png,3,0.125,2040,1356,0.0530105847648794,32.69365376812716,0.8405605554580688,0.04567084461450577,0.0434710383415222,4.791898238925555,25.62885955435508,0.9574105739593506
div2k,0886.png,4,0.15,2040,1356,0.06218404766036208,33.117987498284144,0.8439003229141235,0.04237858206033707,0.0396273136138916,4.752687951613335,26.053193284512066,0.9602462649345398
div2k,0887.png,0,0.05,2040,1356,0.051749667418589856,23.34752849991938,0.6446627378463745,0.11404849588871002,0.1145326495170593,1.996413483510772,18.348655642485305,0.853672206401825
div2k,0887.png,1,0.075,2040,1356,0.09037538319162473,24.45405880615144,0.6944210529327393,0.08700533956289291,0.1024823784828186,1.9299670271413318,19.455185948717364,0.8958802819252014
div2k,0887.png,2,0.1,2040,1356,0.13363988663311932,25.43833663800013,0.7377808690071106,0.07266147434711456,0.0820281505584716,1.874218156800469,20.43946378056605,0.9211029410362244
div2k,0887.png,3,0.125,2040,1356,0.18031696454392968,26.27987350056165,0.7741842269897461,0.06048519164323807,0.0704280138015747,2.008883514030307,21.28100064312757,0.93752783536911
div2k,0887.png,4,0.15,2040,1356,0.2264040719532651,26.967287461648407,0.8007830381393433,0.05267105624079704,0.0614226460456848,2.1029702366577303,21.96841460421433,0.948035717010498
div2k,0888.png,0,0.05,2040,1356,0.05438718260165423,26.72599403311559,0.755018949508667,0.09655637294054031,0.0648009777069091,3.009830394569939,21.48852502690071,0.912697970867157
div2k,0888.png,1,0.075,2040,1356,0.07578807334143096,27.887097839838702,0.7843345999717712,0.0720091313123703,0.049595832824707,2.8842306155973034,22.649628833623822,0.9327786564826964
div2k,0888.png,2,0.1,2040,1356,0.09710798773786801,28.767413854312156,0.804624617099762,0.05756711959838867,0.039644718170166,2.780040329524644,23.529944848097276,0.9443352818489076
div2k,0888.png,3,0.125,2040,1356,0.11884435190005206,29.433679760163493,0.8193078637123108,0.04889997839927673,0.0340831875801086,2.771570693991133,24.196210753948613,0.952180564403534
div2k,0888.png,4,0.15,2040,1356,0.1393429348140436,29.950282227351654,0.8303154110908508,0.04201403632760048,0.029609739780426,2.7205775390120883,24.712813221136773,0.9574010968208312
div2k,0889.png,0,0.05,2040,1356,0.07516339869281045,25.271477613224462,0.7203524112701416,0.11339055001735687,0.0686705112457275,3.5665008234225173,19.752293137555416,0.8977647423744202
div2k,0889.png,1,0.075,2040,1356,0.10672103649719475,26.75113849836008,0.7746549248695374,0.0809304416179657,0.0541354417800903,3.4721704467239825,21.231954022691035,0.9285132884979248
div2k,0889.png,2,0.1,2040,1356,0.13641621840476603,27.821016789437536,0.8085511326789856,0.0649067610502243,0.0424952507019043,3.4463056914393753,22.30183231376849,0.9447853565216064
div2k,0889.png,3,0.125,2040,1356,0.16634276129330788,28.66704759972745,0.8323977589607239,0.054129648953676224,0.038309633731842,3.353332949757325,23.147863124058404,0.9553688168525696
div2k,0889.png,4,0.15,2040,1356,0.19430273584359997,29.34151653973052,0.8496338129043579,0.04623228684067726,0.0329692363739013,3.3316077307815903,23.82233206406147,0.962447464466095
div2k,0890.png,0,0.05,2040,1368,0.042959522990482744,23.530936214274824,0.6572218537330627,0.1260925978422165,0.1045826077461242,2.1979936879253734,17.602736007183363,0.8635327219963074
div2k,0890.png,1,0.075,2040,1368,0.07724458204334365,24.461964157993776,0.700934886932373,0.09580058604478836,0.0829687714576721,2.0854474129205034,18.53376395090232,0.897667646408081
div2k,0890.png,2,0.1,2040,1368,0.11510721247563353,25.27881583020645,0.7399898171424866,0.07828088104724884,0.0654788613319397,2.0018992351657223,19.350615623114997,0.9212066531181335
div2k,0890.png,3,0.125,2040,1368,0.15675381263616558,25.982097465263184,0.7732208967208862,0.06646838784217834,0.0559973120689392,2.0184806525268617,20.053897258171727,0.9377463459968568
div2k,0890.png,4,0.15,2040,1368,0.1973913542024997,26.534150911730205,0.7978397011756897,0.059521034359931946,0.0513652563095092,2.0391934667278586,20.60595070463875,0.9483010172843932
div2k,0891.png,0,0.05,1668,2040,0.06549583862321907,25.22046006495749,0.7280471324920654,0.08830298483371735,0.0682688355445861,2.6481501927282167,19.878267403046085,0.9114190936088562
div2k,0891.png,1,0.075,1668,2040,0.09292801053275027,26.43192656578508,0.7661615014076233,0.06461024284362793,0.0530319213867187,2.624391152659105,21.08973390387369,0.9311692118644714
div2k,0891.png,2,0.1,1668,2040,0.11957022617200358,27.31084236882037,0.789838433265686,0.05244601517915726,0.0460278391838073,2.660699751905282,21.968649706908977,0.9423829913139344
div2k,0891.png,3,0.125,1668,2040,0.14781116283443832,27.96843306490232,0.8068029284477234,0.0446503646671772,0.0393201112747192,2.6008489983460015,22.626240402990923,0.9500589966773988
div2k,0891.png,4,0.15,1668,2040,0.1762025673578784,28.515801038542406,0.8214948177337646,0.03843250870704651,0.0351113080978393,2.5950321192689136,23.17360837663101,0.956182897090912
div2k,0892.png,0,0.05,2040,1284,0.06791888094801783,26.67348343958224,0.8259128332138062,0.08684804290533066,0.132716417312622,4.648855977384896,22.537686046142635,0.9457078576087952
div2k,0892.png,1,0.075,2040,1284,0.09045873801233889,28.02174891833285,0.8599019050598145,0.06297864764928818,0.1007550954818725,4.547215742496861,23.88595152489325,0.96165132522583
div2k,0892.png,2,0.1,2040,1284,0.11250992608881559,29.06601576687403,0.8813241124153137,0.049201883375644684,0.0869174003601074,4.506902435653433,24.93021837343443,0.9705817103385924
div2k,0892.png,3,0.125,2040,1284,0.13426791277258568,29.843350471103797,0.8948350548744202,0.04035409539937973,0.0751685500144958,4.453777849942453,25.70755307766419,0.9757359027862548
div2k,0892.png,4,0.15,2040,1284,0.15535397959806976,30.443902757376087,0.9041575193405152,0.03491797670722008,0.0636764168739318,4.3649129696794695,26.30810536393648,0.9790847897529602
div2k,0893.png,0,0.05,2040,1356,0.03306726820521719,28.79659405826155,0.6739628911018372,0.11075694859027863,0.0686424970626831,5.125415676969321,20.054707077577,0.9025065898895264
div2k,0893.png,1,0.075,2040,1356,0.04473942969518191,29.560598626960704,0.6839870810508728,0.08855770528316498,0.0531033277511596,5.0067553515022105,20.81871164627615,0.9138714671134948
div2k,0893.png,2,0.1,2040,1356,0.05688588119613627,30.05209761204816,0.6913591027259827,0.07470998167991638,0.0486394166946411,4.832569222883324,21.310210631363606,0.9210972785949708
div2k,0893.png,3,0.125,2040,1356,0.06880097171612008,30.43219817146102,0.6954318284988403,0.06580520421266556,0.0441063046455383,4.9363144503229845,21.69031119077647,0.9258738160133362
div2k,0893.png,4,0.15,2040,1356,0.08131760078662734,30.708819117303257,0.6994632482528687,0.0590425580739975,0.040985882282257,4.792663700134201,21.966932136618706,0.929314374923706
div2k,0894.png,0,0.05,1356,2040,0.03519578923014634,27.667021742401992,0.7512142062187195,0.09781838953495026,0.0769118666648864,3.0310728747349924,24.787018652945456,0.8797552585601807
div2k,0894.png,1,0.075,1356,2040,0.05323037769680143,28.764377561037413,0.7860019207000732,0.07294109463691711,0.0637409687042236,3.0237426735805677,25.884374471580877,0.9106157422065736
div2k,0894.png,2,0.1,1356,2040,0.0718318005668344,29.67222631822566,0.8135200142860413,0.05974673852324486,0.0517269968986511,3.0377766200902183,26.79222322876912,0.9300636649131776
div2k,0894.png,3,0.125,1356,2040,0.09276996934467002,30.48353791466759,0.8358542919158936,0.04894304648041725,0.042646586894989,2.9296381287678357,27.60353482521105,0.944068968296051
div2k,0894.png,4,0.15,1356,2040,0.1138585227601365,31.09797859710621,0.8531567454338074,0.04224134236574173,0.0389854907989501,2.8357304730382182,28.217975507649665,0.953096568584442
div2k,0895.png,0,0.05,2040,1284,0.12841610164314948,19.649417485377672,0.4672186374664306,0.19757819175720215,0.1526809930801391,1.681890424956581,12.44647312066684,0.7861221432685852
div2k,0895.png,1,0.075,2040,1284,0.22704172011483723,20.89771562722225,0.5719072818756104,0.15194948017597198,0.1255772113800048,1.6286622770342933,13.694771262511424,0.852504551410675
div2k,0895.png,2,0.1,2040,1284,0.31654144523853156,21.803633015431597,0.6400974988937378,0.12376534938812256,0.1145445704460144,1.6751448678345373,14.60068865072076,0.8888552188873291
div2k,0895.png,3,0.125,2040,1284,0.3986744853704722,22.48955541860613,0.6881130337715149,0.10542059689760208,0.1081590056419372,1.6731420345271741,15.286611053895298,0.9118102192878724
div2k,0895.png,4,0.15,2040,1284,0.4724879359843626,23.012246678964484,0.722751796245575,0.09432905167341232,0.0960115790367126,1.7215253483005315,15.80930231425365,0.9265828132629396
div2k,0896.png,0,0.05,2040,1356,0.01555324194574585,32.796877035954864,0.8697784543037415,0.03597969189286232,0.0724677443504333,5.251575183276487,31.113308694103356,0.9587748050689696
div2k,0896.png,1,0.075,2040,1356,0.02021516571230262,33.765688925586325,0.873878002166748,0.029975948855280876,0.0620120763778686,5.20163461935906,32.08212058373481,0.9627845883369446
div2k,0896.png,2,0.1,2040,1356,0.024784545086471165,34.535368034467155,0.8796859383583069,0.02609453722834587,0.0528132319450378,5.160102118510479,32.85179969261564,0.9665770530700684
div2k,0896.png,3,0.125,2040,1356,0.030244664237376366,35.050406533022866,0.8834115862846375,0.024150049313902855,0.0469136834144592,4.996874788281177,33.36683819117135,0.9685723185539246
div2k,0896.png,4,0.15,2040,1356,0.03494129215107872,35.34671744648965,0.8864728212356567,0.022429723292589188,0.0413446426391601,5.093044601577989,33.66314910463813,0.9699931144714355
div2k,0897.png,0,0.05,2040,1368,0.12406260749914001,20.100662517444803,0.5421499013900757,0.12791550159454346,0.2000263929367065,4.235322477553358,12.110173884137907,0.8910048007965088
div2k,0897.png,1,0.075,2040,1368,0.20867446393762185,21.427050176655257,0.6371780037879944,0.0942634642124176,0.1647295355796814,4.0427659328336105,13.43656154334836,0.9247590899467468
div2k,0897.png,2,0.1,2040,1368,0.2939972480220158,22.468619693847728,0.7015159726142883,0.07529611140489578,0.144386887550354,4.082953726994835,14.47813106054083,0.9431011080741882
div2k,0897.png,3,0.125,2040,1368,0.37739364751748655,23.299404856846078,0.7463904023170471,0.06392012536525726,0.123623251914978,4.1626534223014335,15.308916223539171,0.9546154141426086
div2k,0897.png,4,0.15,2040,1368,0.4563524825134732,23.96200948286833,0.7787183523178101,0.055113278329372406,0.1110856533050537,4.173238223878864,15.97152084956143,0.9621326327323914
div2k,0898.png,0,0.05,2040,1356,0.02680895366996356,28.62502084324567,0.8115727305412292,0.056864943355321884,0.0830500721931457,4.529422385343476,24.185419597376335,0.9361264109611512
div2k,0898.png,1,0.075,2040,1356,0.03724333391173579,30.328189190048064,0.8304053544998169,0.04390216991305351,0.0705856084823608,4.538786282258009,25.88858794417873,0.9469807147979736
div2k,0898.png,2,0.1,2040,1356,0.04883451905836081,31.28079566463988,0.8340688943862915,0.03806941956281662,0.0557228326797485,4.610577147753574,26.841194418770545,0.9502554535865784
div2k,0898.png,3,0.125,2040,1356,0.06389611891954422,31.5834236203456,0.8376306891441345,0.03397480770945549,0.0501323342323303,4.607303114212946,27.14382237447627,0.9525296688079834
div2k,0898.png,4,0.15,2040,1356,0.07714153508010874,32.419525805379735,0.8411471843719482,0.03212125971913338,0.0454757213592529,4.64929755454356,27.9799245595104,0.9549631476402284
div2k,0899.png,0,0.05,2040,1356,0.04814043611544913,27.547403174036017,0.8054712414741516,0.088216632604599,0.1185836791992187,4.694796836052696,19.306729369062055,0.922630250453949
div2k,0899.png,1,0.075,2040,1356,0.06648736190641448,28.86681401076049,0.8356141448020935,0.06495140492916107,0.1005281209945678,4.667392102433024,20.626140205786527,0.9410440921783448
div2k,0899.png,2,0.1,2040,1356,0.08439470183353577,29.74134459346313,0.8549200296401978,0.05220239236950874,0.0857565402984619,4.65297853871146,21.500670788489163,0.9518221020698548
div2k,0899.png,3,0.125,2040,1356,0.10305396494881139,30.46754340065272,0.8692061901092529,0.04440275952219963,0.077652096748352,4.663644345345046,22.226869595678764,0.9590827822685242
div2k,0899.png,4,0.15,2040,1356,0.12202556538839725,31.03768799426781,0.8801526427268982,0.039140161126852036,0.073878526687622,4.6800584465980375,22.79701418929385,0.964046061038971
div2k,0900.png,0,0.05,2040,1152,0.059443082788671026,26.09018061547467,0.7241520881652832,0.09763132035732269,0.0657984018325805,2.943394211936274,16.59744426404396,0.9148703217506408
div2k,0900.png,1,0.075,2040,1152,0.08327205882352941,27.35705644073708,0.7603746652603149,0.072457455098629,0.0503827929496765,2.929096368329888,17.864320089306368,0.93439120054245
div2k,0900.png,2,0.1,2040,1152,0.10609340958605665,28.225392659718143,0.7836158871650696,0.059610556811094284,0.0428082346916198,2.9178821906938124,18.732656308287435,0.9452815055847168
div2k,0900.png,3,0.125,2040,1152,0.12920070806100217,28.91446721442869,0.8011359572410583,0.04926253855228424,0.0369881391525268,2.793277725918167,19.421730862997983,0.9527525901794434
div2k,0900.png,4,0.15,2040,1152,0.15157271241830064,29.443238025190063,0.8146749138832092,0.04381779953837395,0.0324984788894653,2.834416318743674,19.950501673759355,0.9579606652259828
