dataset,quality_index,metric,per_image_mean,paper_source_mean,absolute_difference,status
kodak,0,bpp,0.051567925347222224,0.0515679253472222,2.0816681711721685e-17,PASS
kodak,0,PSNR_dB,25.133103897206375,25.13310384819125,4.9015124403695154e-08,PASS
kodak,0,SSIM,0.6310807801783085,0.6310807801783085,0.0,PASS
kodak,0,MS_SSIM,0.8416806310415268,0.8416806310415268,0.0,PASS
kodak,0,SNR_dB,18.356002565564015,18.356002565564015,0.0,PASS
kodak,0,LPIPS,0.1328472007686893,0.1328472861399253,8.5371235997167e-08,PASS
kodak,0,DISTS,0.12913214663664496,0.129132146636645,2.7755575615628914e-17,PASS
kodak,0,NIQE,3.2073278371929232,3.207327837192923,4.440892098500626e-16,PASS
kodak,1,bpp,0.08121744791666667,0.0812174479166666,6.938893903907228e-17,PASS
kodak,1,PSNR_dB,26.26798652752544,26.267986591190247,6.366480675978892e-08,PASS
kodak,1,SSIM,0.6760152044395605,0.6760152044395605,0.0,PASS
kodak,1,MS_SSIM,0.878173274298509,0.878173274298509,0.0,PASS
kodak,1,SNR_dB,19.490885195883084,19.490885195883084,0.0,PASS
kodak,1,LPIPS,0.10142405610531569,0.10142400705566,4.904965568430786e-08,PASS
kodak,1,DISTS,0.10845237473646796,0.108452374736468,4.163336342344337e-17,PASS
kodak,1,NIQE,3.1836436631224476,3.183643663122447,4.440892098500626e-16,PASS
kodak,2,bpp,0.11236911349826388,0.1123691134982639,1.3877787807814457e-17,PASS
kodak,2,PSNR_dB,27.14944043690008,27.149440262421,1.744790800728424e-07,PASS
kodak,2,SSIM,0.7124653607606888,0.7124653607606888,0.0,PASS
kodak,2,MS_SSIM,0.9021320268511772,0.9021320268511772,0.0,PASS
kodak,2,SNR_dB,20.372339105257723,20.372339105257723,0.0,PASS
kodak,2,LPIPS,0.0829831527856489,0.0829832380016644,8.521601550792735e-08,PASS
kodak,2,DISTS,0.09482161452372864,0.0948216145237286,4.163336342344337e-17,PASS
kodak,2,NIQE,3.145674519317715,3.145674519317715,0.0,PASS
kodak,3,bpp,0.1456298828125,0.1456298828125,0.0,PASS
kodak,3,PSNR_dB,27.870200145982388,27.870200439970148,2.9398776035804985e-07,PASS
kodak,3,SSIM,0.7426874935626984,0.7426874935626984,0.0,PASS
kodak,3,MS_SSIM,0.9194527516762415,0.9194527516762416,1.1102230246251565e-16,PASS
kodak,3,SNR_dB,21.09309881434003,21.09309881434003,0.0,PASS
kodak,3,LPIPS,0.0696357972919941,0.0696359048597514,1.0756775729869883e-07,PASS
kodak,3,DISTS,0.08349844813346859,0.0834984481334686,1.3877787807814457e-17,PASS
kodak,3,NIQE,3.099595077805585,3.099595077805585,0.0,PASS
kodak,4,bpp,0.1794094509548611,0.179409450954861,1.1102230246251565e-16,PASS
kodak,4,PSNR_dB,28.46280126595405,28.462801408772872,1.4281882343425423e-07,PASS
kodak,4,SSIM,0.7672221859296163,0.7672221859296163,0.0,PASS
kodak,4,MS_SSIM,0.9317032893498739,0.931703289349874,1.1102230246251565e-16,PASS
kodak,4,SNR_dB,21.685699934311693,21.685699934311693,0.0,PASS
kodak,4,LPIPS,0.06077264233802756,0.0607726322486996,1.0089327956430694e-08,PASS
kodak,4,DISTS,0.07566597809394196,0.075665978093942,4.163336342344337e-17,PASS
kodak,4,NIQE,3.1220289880283363,3.1220289880283363,0.0,PASS
clic2020,0,bpp,0.03909487731595371,0.0390948773159537,6.938893903907228e-18,PASS
clic2020,0,PSNR_dB,27.985860836575426,27.985860684027816,1.525476100994183e-07,PASS
clic2020,0,SSIM,0.7482552684356119,0.7482552684356119,0.0,PASS
clic2020,0,MS_SSIM,0.8936825109140896,0.8936825109140896,0.0,PASS
clic2020,0,SNR_dB,21.936107364361273,21.936107364361273,0.0,PASS
clic2020,0,LPIPS,0.10629014498945848,0.1062901361767098,8.812748669706494e-09,PASS
clic2020,0,DISTS,0.08683440089225765,0.08683443069458,2.980232234606195e-08,PASS
clic2020,0,NIQE,3.745272746023411,3.745272746023407,3.9968028886505635e-15,PASS
clic2020,1,bpp,0.0598585268299924,0.0598585268299924,0.0,PASS
clic2020,1,PSNR_dB,29.136172497183168,29.136172475065923,2.2117244924402257e-08,PASS
clic2020,1,SSIM,0.7782356626937322,0.7782356626937322,0.0,PASS
clic2020,1,MS_SSIM,0.9177791746420281,0.917779174642028,1.1102230246251565e-16,PASS
clic2020,1,SNR_dB,23.086419024969015,23.086419024969015,0.0,PASS
clic2020,1,LPIPS,0.08283595293412142,0.0828359519331672,1.0009542222855217e-09,PASS
clic2020,1,DISTS,0.07125166587740457,0.0712516658774046,2.7755575615628914e-17,PASS
clic2020,1,NIQE,3.73764363286794,3.7376436328679374,2.6645352591003757e-15,PASS
clic2020,2,bpp,0.08118322458487168,0.0811832245848716,8.326672684688674e-17,PASS
clic2020,2,PSNR_dB,29.977827061733368,29.97782723866996,1.7693659160045172e-07,PASS
clic2020,2,SSIM,0.8000145938212626,0.8000145938212626,0.0,PASS
clic2020,2,MS_SSIM,0.9326472714125553,0.9326472714125552,1.1102230246251565e-16,PASS
clic2020,2,SNR_dB,23.92807358951921,23.92807358951921,0.0,PASS
clic2020,2,LPIPS,0.06884800335479395,0.068847999398849,3.955944946620882e-09,PASS
clic2020,2,DISTS,0.0617530575701009,0.0617530570130481,5.570527997211805e-10,PASS
clic2020,2,NIQE,3.7258409218924724,3.725840921892477,4.440892098500626e-15,PASS
clic2020,3,bpp,0.10289266013194782,0.1028926601319478,2.7755575615628914e-17,PASS
clic2020,3,PSNR_dB,30.652031126192096,30.652031075740847,5.045124851221772e-08,PASS
clic2020,3,SSIM,0.8167957545162361,0.8167957545162361,0.0,PASS
clic2020,3,MS_SSIM,0.942977454757022,0.942977454757022,0.0,PASS
clic2020,3,SNR_dB,24.602277653977943,24.602277653977943,0.0,PASS
clic2020,3,LPIPS,0.059226673496800046,0.0592266704721776,3.0246224483332362e-09,PASS
clic2020,3,DISTS,0.05520008379053842,0.0552000837905384,2.0816681711721685e-17,PASS
clic2020,3,NIQE,3.7138330133779585,3.713833013377958,4.440892098500626e-16,PASS
clic2020,4,bpp,0.12400458339167234,0.1240045833916723,4.163336342344337e-17,PASS
clic2020,4,PSNR_dB,31.18357165262948,31.183571687821463,3.519198088497433e-08,PASS
clic2020,4,SSIM,0.8296624526520756,0.8296624526520756,0.0,PASS
clic2020,4,MS_SSIM,0.9500757841584838,0.9500757841584838,0.0,PASS
clic2020,4,SNR_dB,25.13381818041533,25.13381818041533,0.0,PASS
clic2020,4,LPIPS,0.052639286734477105,0.0526392814381239,5.296353203232407e-09,PASS
clic2020,4,DISTS,0.0502709453908082,0.0502709506828094,5.292001198364815e-09,PASS
clic2020,4,NIQE,3.7076182786353233,3.707618278635322,1.3322676295501878e-15,PASS
div2k,0,bpp,0.054895157589550714,0.0548951575895507,1.3877787807814457e-17,PASS
div2k,0,PSNR_dB,25.79339626402486,25.79339646675748,2.0273261824854671e-07,PASS
div2k,0,SSIM,0.6927552157640458,0.6927552157640458,0.0,PASS
div2k,0,MS_SSIM,0.8802283883094788,0.8802283883094788,0.0,PASS
div2k,0,SNR_dB,19.213906146789018,19.213906146789018,0.0,PASS
div2k,0,LPIPS,0.11725883251056075,0.1172588403150439,7.804483143081242e-09,PASS
div2k,0,DISTS,0.09511024236679072,0.0951102423667907,1.3877787807814457e-17,PASS
div2k,0,NIQE,3.19305807654304,3.19305807654304,0.0,PASS
div2k,1,bpp,0.08463280329934393,0.0846328032993439,2.7755575615628914e-17,PASS
div2k,1,PSNR_dB,26.99926708494632,26.99926746840151,3.834551876025216e-07,PASS
div2k,1,SSIM,0.737463251054287,0.737463251054287,0.0,PASS
div2k,1,MS_SSIM,0.9111986941099167,0.9111986941099168,1.1102230246251565e-16,PASS
div2k,1,SNR_dB,20.419776967710476,20.419776967710476,0.0,PASS
div2k,1,LPIPS,0.08918759863823653,0.0891876176185905,1.8980353969078045e-08,PASS
div2k,1,DISTS,0.07712706625461574,0.0771270662546157,4.163336342344337e-17,PASS
div2k,1,NIQE,3.1549121303789924,3.1549121303789924,0.0,PASS
div2k,2,bpp,0.11505200630807176,0.1150520063080717,5.551115123125783e-17,PASS
div2k,2,PSNR_dB,27.882613011365446,27.882613197599994,1.8623454778321502e-07,PASS
div2k,2,SSIM,0.768929388821125,0.768929388821125,0.0,PASS
div2k,2,MS_SSIM,0.9289929485321045,0.9289929485321043,1.1102230246251565e-16,PASS
div2k,2,SNR_dB,21.3031228941296,21.3031228941296,0.0,PASS
div2k,2,LPIPS,0.07311989809386432,0.0731199092976749,1.120381057373443e-08,PASS
div2k,2,DISTS,0.06599416017532345,0.0659941601753234,4.163336342344337e-17,PASS
div2k,2,NIQE,3.1535572394675624,3.153557239467562,4.440892098500626e-16,PASS
div2k,3,bpp,0.1459416405139213,0.1459416405139213,0.0,PASS
div2k,3,PSNR_dB,28.595913038501973,28.595913089696367,5.119439450140817e-08,PASS
div2k,3,SSIM,0.792532359957695,0.792532359957695,0.0,PASS
div2k,3,MS_SSIM,0.9408337789773941,0.940833778977394,1.1102230246251565e-16,PASS
div2k,3,SNR_dB,22.01642292126613,22.01642292126613,0.0,PASS
div2k,3,LPIPS,0.06230414296500385,0.0623041630443185,2.007931465541901e-08,PASS
div2k,3,DISTS,0.05833911418914791,0.0583391141891479,6.938893903907228e-18,PASS
div2k,3,NIQE,3.139854029960309,3.139854029960311,1.7763568394002505e-15,PASS
div2k,4,bpp,0.17603049278738656,0.1760304927873865,5.551115123125783e-17,PASS
div2k,4,PSNR_dB,29.18084498395246,29.18084490715926,7.679320290776559e-08,PASS
div2k,4,SSIM,0.8102143076062203,0.8102143076062203,0.0,PASS
div2k,4,MS_SSIM,0.9487538725137711,0.9487538725137712,1.1102230246251565e-16,PASS
div2k,4,SNR_dB,22.60135486671662,22.60135486671662,0.0,PASS
div2k,4,LPIPS,0.054862084053456786,0.0548620873503387,3.2968819133061267e-09,PASS
div2k,4,DISTS,0.052498323321342424,0.0524983233213424,2.7755575615628914e-17,PASS
div2k,4,NIQE,3.1238191856437956,3.123819185643794,1.7763568394002505e-15,PASS
